Timestamp,"Các bạn vui lòng chọn mức độ đồng ý của mình với mỗi câu nhận định sau đây (1 - rất không đồng ý, 5 - rất đồng ý):   [Tôi biết rõ về AR]",I. Độ quen thuộc với công nghệ và ứng dụng AR [1. Tôi quen thuộc với những công nghệ này],I. Độ quen thuộc với công nghệ và ứng dụng AR [2. Tôi đang sử dụng những công nghệ này trong cuộc sống hàng ngày],II. Sử dụng trong các lĩnh vực của cuộc sống (có thể chọn nhiều đáp án),III. Mức độ quen thuộc với các ứng dụng AR và phương pháp mua sắm khi sử dụng AR (các ứng dụng của AR được sử dụng trong mua sắm) [1. Môi trường mua sắm ảo],III. Mức độ quen thuộc với các ứng dụng AR và phương pháp mua sắm khi sử dụng AR (các ứng dụng của AR được sử dụng trong mua sắm) [2. Chuyến tham quan ảo],"III. Mức độ quen thuộc với các ứng dụng AR và phương pháp mua sắm khi sử dụng AR (các ứng dụng của AR được sử dụng trong mua sắm) [3. Hình dung, mô hình]",III. Mức độ quen thuộc với các ứng dụng AR và phương pháp mua sắm khi sử dụng AR (các ứng dụng của AR được sử dụng trong mua sắm) [4. Giả lập],I. Sự thích thú [1. Tôi nhận thấy mua hàng thời trang thông qua các ứng dụng thực tế ảo tăng cường thú vị.],I. Sự thích thú [2. Tôi nhận thấy quá trình mua hàng thông qua các ứng dụng thực tế ảo tăng cường khiến tôi hài lòng],I. Sự thích thú [3. Tôi cảm thấy vui vẻ khi sử dụng các ứng dụng thực tế ảo tăng cường trong quá trình mua hàng.],I. Sự thích thú [4. Tôi nhận thấy mua hàng thời trang thông qua các ứng dụng thực tế ảo tăng cường hấp dẫn.],II. Bản sắc xã hội [1. Sử dụng thực tế ảo tăng cường trong mua sắm thời trang khiến tôi cảm thấy bản thân được cảm nhận.],II. Bản sắc xã hội [2. Sử dụng thực tế ảo tăng cường trong mua sắm thời trang giúp cải thiện cách tôi nhận được khi mua hàng.],II. Bản sắc xã hội [3. Sử dụng thực tế ảo tăng cường trong mua sắm thời trang tạo ấn tượng tốt với người khác.],II. Bản sắc xã hội [4. Vai trò của tôi trong xã hội đòi hỏi phải sử dụng thực tế ảo tăng cường trong mua sắm thời trang.],III. Bản sắc cá nhân [1. Sử dụng thực tế ảo tăng cường trong mua sắm thời trang giúp tôi đạt được hình mẫu mà tôi hướng đến.],III. Bản sắc cá nhân [2. Sử dụng thực tế ảo tăng cường trong mua sắm thời trang giúp chúng ta giảm khoảng cách giữa giữa con người hiện tại của tôi và hình mẫu mà tôi mong muốn trở thành],III. Bản sắc cá nhân [3.  Sử dụng thực tế ảo tăng cường trong mua sắm thời trang là một phần hình mẫu của tôi.],IV. Dễ sử dụng [1. Tôi nghĩ rằng việc sử dụng ứng dụng thực tế ảo tăng cường rất dễ dàng],IV. Dễ sử dụng [2. Tôi nghĩ rất đơn giản để học cách sử dụng ứng dụng thực tế ảo tăng cường.],IV. Dễ sử dụng [3. Tôi nghĩ rằng nó không đòi hỏi nhiều nỗ lực để sử dụng một ứng dụng thực tế ảo tăng cường.],IV. Dễ sử dụng [4.  Tôi nghĩ rằng ứng dụng thực tế ảo tăng cường là rất rõ ràng và dễ hiểu.],V. Lợi ích [1. Tôi có thể cải thiện quy trình mua hàng thời trang với một ứng dụng thực tế ảo tăng cường.],V. Lợi ích [2. Quá trình mua hàng thời trang của tôi sẽ hiệu quả hơn khi áp dụng ứng dụng thực tế ảo tăng cường],V. Lợi ích [3. Thực tế ảo tăng cường sẽ hữu ích khi mua hàng thời trang],V. Lợi ích [4. Thực tế ảo tăng cường sẽ cải thiện khả năng của tôi khi mua hàng trực tuyến.],VI. Thái độ [1. Tôi thích ý tưởng mua hàng thời trang với thực tế ảo tăng cường.],VI. Thái độ [2. Tôi nghĩ rằng đó là một ý kiến hay khi mua hàng thời trang với thực tế ảo tăng cường.],VI. Thái độ [3. Tôi có một cái nhìn thích thú với việc mua hàng thời trang với thực tế ảo tăng cường],VII. Giá trị [1. Ứng dụng thực tế ảo tăng cường có thể mang lại lợi ích cho tôi nhiều hơn so với mức cần.],VII. Giá trị [2. Các ứng dụng thực tế ảo tăng cường phải xứng đáng đối với tôi so với sự yêu cầu được nhận lại.],"VII. Giá trị [3.  Nhìn chung, các ứng dụng thực tế ảo tăng cường đều mang giá trị tốt.]",VIII.  Sự vui vẻ [1. Sử dụng các ứng dụng thực tế ảo tăng cường trong mua sắm thời trang rất vui.],VIII.  Sự vui vẻ [2. Sử dụng các ứng dụng thực tế ảo tăng cường trong mua sắm thời trang rất hứng thú .],VIII.  Sự vui vẻ [3. Sử dụng các ứng dụng thực tế ảo tăng cường trong mua sắm thời trang rất giải trí.],IX.  Ý định sử dụng [1. Tôi sẽ xem xét thực tế ảo tăng cường khi mua hàng thời trang.],IX.  Ý định sử dụng [2. Tôi sẽ sử dụng thực tế ảo tăng cường thường xuyên trong mua hàng thời trang trong tương lai.],IX.  Ý định sử dụng [3. Tôi nghĩ sẽ rất đáng để tôi sử dụng thực tế ảo tăng cường trong mua hàng thời trang.],IX.  Ý định sử dụng [4. Tôi dự định chi nhiều tiền hơn khi mua hàng thời trang với thực tế ảo tăng cường.],Gender,Age,Location
13/10/2022 11:08:13,4,3,3,Du lịch ảo / trải nghiệm,3,3,3,3,4,4,4,4,3,3,3,3,3,3,3,4,4,4,4,3,3,3,3,3,4,4,4,4,4,4,4,4,3,4,4,4,nam,Trên 40 tuổi,miền Bắc
13/10/2022 13:29:22,3,3,3,Mua sắm,3,3,3,3,3,3,3,3,3,3,3,3,3,3,3,3,3,3,3,3,3,3,3,3,3,3,3,3,3,3,3,3,3,3,3,3,nữ,20 đến 29 tuổi,miền Bắc
13/10/2022 21:37:46,5,5,5,"Học tập, giáo dục",4,4,4,4,4,4,4,4,4,4,4,4,4,4,4,4,4,4,4,4,4,4,4,4,4,4,4,4,4,4,4,4,4,4,4,4,nam,Trên 40 tuổi,miền Bắc
14/10/2022 12:31:04,3,3,3,"Giải trí, Mua sắm thời trang",2,2,2,2,4,4,5,5,3,5,4,3,3,2,2,3,5,4,4,4,4,4,4,4,4,4,4,3,5,5,5,5,5,5,5,5,nam,20 đến 29 tuổi,miền Bắc
14/10/2022 12:37:35,4,1,1,"Giải trí, Du lịch ảo / trải nghiệm, Học tập, giáo dục, Mua sắm thời trang",1,2,4,4,3,3,3,3,3,3,4,3,3,3,3,4,4,4,4,4,3,3,3,4,4,4,4,4,4,4,4,4,4,4,4,4,nam,20 đến 29 tuổi,miền Bắc
14/10/2022 12:45:53,5,2,2,Giải trí,1,2,2,2,5,5,5,5,5,5,5,5,1,2,1,1,2,1,1,1,1,1,1,1,1,1,1,1,1,1,1,1,1,1,1,1,nam,20 đến 29 tuổi,miền Bắc
14/10/2022 12:53:35,5,4,4,"Giải trí, Du lịch ảo / trải nghiệm, Học tập, giáo dục",5,5,5,5,5,5,5,5,5,5,5,5,5,5,5,5,5,5,5,5,5,5,5,5,5,5,5,5,5,5,5,5,5,5,5,5,nam,20 đến 29 tuổi,miền Bắc
14/10/2022 13:16:18,2,4,3,"Giải trí, Du lịch ảo / trải nghiệm, Học tập, giáo dục, Mua sắm thời trang",4,4,3,3,4,4,4,5,3,3,4,2,3,3,2,3,2,4,2,2,3,4,5,5,5,4,3,4,5,4,3,5,4,3,5,2,nữ,30 đến 39 tuổi,miền Bắc
14/10/2022 13:16:29,4,3,3,"Giải trí, Du lịch ảo / trải nghiệm, Học tập, giáo dục, Mua sắm thời trang",4,4,4,4,4,4,4,4,4,4,4,4,4,4,4,4,4,4,4,4,4,4,4,4,4,4,4,4,4,4,4,4,4,4,4,4,nữ,20 đến 29 tuổi,miền Bắc
14/10/2022 13:21:23,4,2,2,"Giải trí, Mua sắm thời trang",1,2,1,1,2,3,2,3,2,3,3,2,3,3,2,2,2,3,4,2,2,4,2,2,3,2,2,4,2,2,3,4,2,3,2,4,nam,30 đến 39 tuổi,miền Bắc
14/10/2022 13:23:49,2,1,1,"Du lịch ảo / trải nghiệm, Mua sắm thời trang",2,3,3,3,4,3,3,4,3,3,2,3,2,3,3,2,3,3,3,3,3,3,3,3,4,3,3,3,3,4,4,4,3,3,3,3,nam,30 đến 39 tuổi,miền Bắc
14/10/2022 13:27:31,5,3,2,"Giải trí, Du lịch ảo / trải nghiệm, Học tập, giáo dục",2,4,4,4,4,4,5,5,5,5,5,5,5,5,5,4,4,5,5,5,5,5,5,5,5,5,4,4,5,5,5,5,4,4,4,5,nam,30 đến 39 tuổi,miền Bắc
14/10/2022 13:29:37,3,3,1,"Giải trí, Du lịch ảo / trải nghiệm, Mua sắm thời trang",4,2,5,5,4,3,4,4,3,3,2,1,4,4,1,4,3,1,3,3,2,3,3,3,4,4,4,3,4,3,3,4,4,2,3,2,nam,20 đến 29 tuổi,miền Bắc
14/10/2022 13:43:11,5,5,5,"Giải trí, Du lịch ảo / trải nghiệm, Mua sắm thời trang",5,5,5,5,5,5,5,5,5,5,5,5,5,5,5,5,5,5,5,5,5,5,5,5,5,5,5,5,5,5,5,5,5,5,5,5,nam,Trên 40 tuổi,miền Bắc
14/10/2022 13:47:23,5,4,4,"Giải trí, Du lịch ảo / trải nghiệm, Mua sắm thời trang, Khác",4,4,4,4,4,3,3,3,2,3,3,1,2,2,2,3,3,3,3,3,3,3,3,3,3,3,3,3,3,3,3,3,3,3,3,3,nữ,30 đến 39 tuổi,miền Bắc
14/10/2022 14:01:19,3,2,1,"Giải trí, Du lịch ảo / trải nghiệm",1,1,1,1,3,2,2,2,2,2,2,2,3,3,2,2,3,2,2,3,2,2,2,2,2,3,2,2,2,2,2,3,1,4,4,3,nam,20 đến 29 tuổi,miền Bắc
14/10/2022 14:02:31,3,3,3,"Học tập, giáo dục, Mua sắm thời trang",4,4,4,4,3,3,3,3,3,3,3,3,3,3,3,3,3,3,3,3,3,3,3,3,3,3,3,3,3,3,3,3,3,3,3,3,nam,20 đến 29 tuổi,miền Bắc
30/10/2022 22:55:14,2,1,1,Khác,1,1,1,1,5,5,5,5,4,5,4,4,4,5,4,4,5,4,4,5,5,5,5,4,4,4,5,4,4,5,4,4,5,5,5,4,nữ,30 đến 39 tuổi,miền Trung
14/10/2022 14:05:50,3,3,2,"Giải trí, Học tập, giáo dục",3,2,2,3,2,2,2,2,2,2,2,2,3,2,2,2,3,3,3,3,3,3,3,2,2,2,3,3,3,2,2,2,2,2,3,2,nữ,20 đến 29 tuổi,miền Nam
14/10/2022 14:06:50,4,2,2,Giải trí,3,3,3,3,3,3,3,3,3,4,4,2,3,3,3,3,3,3,3,3,3,3,3,3,3,3,4,4,4,4,4,4,4,3,3,3,nữ,30 đến 39 tuổi,miền Bắc
14/10/2022 14:07:15,2,2,2,"Giải trí, Du lịch ảo / trải nghiệm",3,3,1,1,3,2,4,2,3,2,2,1,1,1,2,2,1,2,1,3,2,4,2,2,3,2,3,3,2,3,2,2,2,2,3,2,nam,30 đến 39 tuổi,miền Bắc
14/10/2022 14:08:10,5,2,1,Giải trí,1,1,1,1,1,2,2,1,1,2,1,1,2,1,1,1,1,2,2,2,1,2,2,2,3,1,2,1,2,2,1,2,1,2,1,1,nam,20 đến 29 tuổi,miền Bắc
14/10/2022 14:11:06,3,4,5,"Giải trí, Du lịch ảo / trải nghiệm, Học tập, giáo dục",4,5,5,5,4,4,5,5,4,5,4,4,4,5,5,5,4,4,4,4,5,5,5,5,4,4,5,4,4,4,5,5,5,4,4,5,nữ,20 đến 29 tuổi,miền Bắc
14/10/2022 14:13:02,2,2,3,"Giải trí, Du lịch ảo / trải nghiệm",4,4,3,4,2,3,4,4,3,3,3,3,4,3,3,4,4,3,4,5,3,4,4,3,3,3,4,4,4,4,4,4,4,4,4,4,nam,20 đến 29 tuổi,miền Bắc
14/10/2022 14:16:21,4,4,2,"Giải trí, Du lịch ảo / trải nghiệm, Học tập, giáo dục",3,4,4,4,4,3,5,4,4,4,3,4,4,4,3,4,4,4,4,3,4,4,3,4,4,4,4,4,5,4,4,4,2,3,3,4,nam,20 đến 29 tuổi,miền Bắc
14/10/2022 14:19:43,5,5,5,Khác,5,5,5,5,5,5,5,5,5,5,5,5,5,5,5,5,5,5,5,5,5,5,5,5,5,5,5,5,5,5,5,5,5,5,5,5,nữ,20 đến 29 tuổi,miền Bắc
14/10/2022 14:20:20,5,5,5,Giải trí,5,5,5,5,5,5,5,5,5,5,5,5,5,5,5,5,5,5,5,5,5,5,5,5,5,5,5,5,5,5,5,5,5,5,5,5,nam,30 đến 39 tuổi,miền Bắc
14/10/2022 14:25:08,2,1,1,Giải trí,3,2,2,3,1,1,1,1,1,1,1,1,1,2,3,2,3,1,3,3,2,4,3,4,3,2,3,3,4,4,3,4,3,3,3,3,nam,20 đến 29 tuổi,miền Bắc
14/10/2022 14:44:41,3,2,2,"Giải trí, Du lịch ảo / trải nghiệm, Mua sắm thời trang",2,2,3,3,3,3,3,3,3,4,3,3,3,4,3,2,3,3,2,4,4,4,4,4,4,4,3,4,4,4,4,4,4,5,4,4,nam,30 đến 39 tuổi,miền Bắc
14/10/2022 14:49:36,2,2,2,"Giải trí, Học tập, giáo dục, Mua sắm thời trang",2,2,2,2,2,2,2,2,2,2,2,2,2,2,2,2,4,4,5,4,4,4,4,4,4,4,4,4,4,4,4,4,4,4,4,4,nữ,20 đến 29 tuổi,miền Bắc
14/10/2022 14:49:48,3,4,2,"Du lịch ảo / trải nghiệm, Học tập, giáo dục",1,5,4,1,2,3,4,4,3,3,4,4,3,4,3,2,3,4,5,5,5,4,4,5,4,4,5,4,4,5,4,3,4,4,4,5,nữ,30 đến 39 tuổi,miền Bắc
14/10/2022 15:12:09,5,5,5,"Giải trí, Du lịch ảo / trải nghiệm, Học tập, giáo dục, Mua sắm thời trang",2,4,2,3,4,2,5,5,1,5,5,1,2,3,4,5,5,2,4,2,4,5,5,1,1,5,2,1,5,5,5,4,4,5,4,5,nam,30 đến 39 tuổi,miền Bắc
14/10/2022 15:16:08,3,3,3,"Học tập, giáo dục",3,3,3,3,3,3,3,3,3,3,3,3,3,3,3,3,3,3,3,3,3,3,3,3,3,3,3,3,3,3,3,3,3,3,3,3,nữ,Trên 40 tuổi,miền Nam
14/10/2022 15:17:55,5,5,5,"Giải trí, Du lịch ảo / trải nghiệm, Học tập, giáo dục, Mua sắm thời trang",5,5,5,5,5,5,5,5,5,5,5,5,5,5,5,5,5,5,5,5,5,5,5,5,5,5,5,5,5,5,5,5,5,5,5,5,nam,20 đến 29 tuổi,miền Bắc
14/10/2022 15:19:32,1,1,1,Khác,1,1,1,1,1,1,1,1,1,1,1,1,1,1,1,1,1,1,1,1,1,1,1,1,1,1,1,1,1,1,1,1,1,1,1,1,nam,Dưới 19 tuổi,Nước ngoài
14/10/2022 15:20:57,5,5,5,"Giải trí, Du lịch ảo / trải nghiệm, Học tập, giáo dục, Mua sắm thời trang",5,5,5,5,5,5,5,5,5,5,5,5,5,5,5,5,5,5,5,5,5,5,5,5,5,5,5,5,5,5,5,5,5,5,5,5,nam,Trên 40 tuổi,miền Bắc
14/10/2022 15:24:39,2,2,2,"Giải trí, Du lịch ảo / trải nghiệm, Mua sắm thời trang",2,2,3,3,2,2,3,3,2,3,3,2,2,3,3,3,3,3,2,4,4,4,4,4,4,4,3,4,4,4,4,4,4,4,4,4,nam,30 đến 39 tuổi,miền Bắc
14/10/2022 15:44:36,3,4,4,"Giải trí, Du lịch ảo / trải nghiệm",4,4,4,4,3,3,4,3,3,4,3,3,3,3,3,3,3,3,3,4,4,4,3,3,3,3,3,4,3,4,4,4,4,4,4,4,nữ,20 đến 29 tuổi,miền Bắc
14/10/2022 15:55:20,3,3,3,"Giải trí, Mua sắm thời trang, Khác",4,4,3,3,4,3,3,4,3,3,3,3,3,3,3,2,2,3,3,3,3,3,3,2,2,3,3,3,3,3,3,3,2,2,2,2,nam,Trên 40 tuổi,miền Bắc
14/10/2022 16:00:41,3,2,1,"Giải trí, Du lịch ảo / trải nghiệm",3,4,4,4,4,3,4,3,5,4,3,3,4,4,5,4,5,4,4,5,3,4,5,4,5,5,3,3,4,5,4,4,5,4,4,3,nam,20 đến 29 tuổi,miền Bắc
14/10/2022 16:02:05,5,4,4,Khác,4,4,4,4,4,4,4,4,4,4,4,4,4,4,4,4,4,4,4,4,4,4,4,4,4,4,4,4,4,4,4,4,4,4,4,4,nữ,30 đến 39 tuổi,miền Bắc
14/10/2022 16:04:13,4,4,3,"Giải trí, Du lịch ảo / trải nghiệm",3,4,3,3,4,4,3,4,4,5,3,5,4,4,5,3,4,3,3,5,5,4,4,5,5,3,5,4,4,5,5,5,4,4,4,4,nữ,20 đến 29 tuổi,miền Bắc
14/10/2022 16:07:18,3,2,4,"Giải trí, Du lịch ảo / trải nghiệm, Học tập, giáo dục, Mua sắm thời trang",3,4,4,3,4,4,4,4,3,4,4,4,4,4,4,2,3,2,3,3,4,4,4,4,4,3,4,4,5,4,5,5,5,4,4,4,nữ,20 đến 29 tuổi,miền Bắc
14/10/2022 16:12:17,4,4,4,Giải trí,4,4,4,4,4,4,4,4,4,4,4,4,4,4,4,4,4,4,4,4,4,4,4,4,4,4,4,4,4,4,4,4,4,4,4,4,nữ,Trên 40 tuổi,miền Nam
14/10/2022 16:29:03,4,3,1,"Học tập, giáo dục",3,3,3,3,5,5,5,5,4,4,4,4,4,4,4,5,5,5,5,4,4,4,4,4,4,4,4,4,4,4,4,4,4,4,4,4,nam,20 đến 29 tuổi,miền Bắc
14/10/2022 16:34:43,1,3,1,"Học tập, giáo dục, Mua sắm thời trang",2,3,2,3,2,2,2,3,2,3,2,3,2,1,2,1,2,1,1,2,2,1,3,2,2,3,3,3,3,2,3,2,2,3,3,3,nữ,20 đến 29 tuổi,miền Bắc
14/10/2022 17:57:55,2,3,3,"Học tập, giáo dục",4,4,3,3,4,4,4,4,4,4,3,3,3,3,2,3,3,3,3,5,4,4,3,4,3,3,3,4,3,3,3,3,3,3,2,3,nữ,20 đến 29 tuổi,miền Bắc
14/10/2022 19:34:26,3,3,3,"Giải trí, Du lịch ảo / trải nghiệm, Học tập, giáo dục, Mua sắm thời trang",3,3,3,3,3,3,3,3,3,3,3,3,3,3,3,3,3,3,3,3,3,3,2,1,1,3,1,3,3,3,3,3,3,3,3,3,nữ,20 đến 29 tuổi,miền Bắc
14/10/2022 20:13:09,4,4,4,"Giải trí, Du lịch ảo / trải nghiệm, Học tập, giáo dục",4,4,4,4,4,4,4,4,4,4,4,4,4,4,4,4,4,4,4,4,4,4,4,4,4,4,4,4,4,4,4,4,4,4,4,4,nữ,20 đến 29 tuổi,miền Bắc
14/10/2022 21:00:13,3,1,1,Giải trí,1,1,2,2,3,3,4,4,2,4,4,3,3,3,2,4,4,4,4,4,4,4,4,5,4,5,3,3,3,3,3,3,4,5,5,4,nữ,20 đến 29 tuổi,Nước ngoài
14/10/2022 21:40:37,3,3,1,"Học tập, giáo dục",1,1,5,1,3,4,3,4,3,3,3,3,3,4,4,3,3,3,3,5,5,5,5,3,3,4,3,3,3,3,3,3,3,3,4,4,nữ,20 đến 29 tuổi,miền Bắc
14/10/2022 21:47:59,3,3,1,"Giải trí, Du lịch ảo / trải nghiệm, Học tập, giáo dục, Mua sắm thời trang, Khác",5,5,5,5,5,3,5,5,3,4,4,4,4,4,4,4,4,4,4,4,4,4,4,4,4,4,4,4,4,4,4,4,4,4,4,4,nữ,30 đến 39 tuổi,miền Bắc
14/10/2022 21:52:53,3,2,1,Khác,1,1,1,2,1,1,1,1,1,1,1,1,1,1,1,3,3,3,3,3,3,3,3,3,3,3,4,4,4,3,3,3,2,2,2,2,nam,30 đến 39 tuổi,miền Bắc
14/10/2022 22:20:57,4,4,4,Giải trí,2,2,2,3,3,3,3,2,3,3,3,2,3,3,2,3,3,3,3,3,3,3,3,3,3,3,3,3,3,3,3,3,3,3,3,3,nữ,Dưới 19 tuổi,miền Bắc
14/10/2022 22:22:34,2,3,2,"Giải trí, Du lịch ảo / trải nghiệm, Học tập, giáo dục",3,3,3,3,4,3,4,3,2,3,3,4,2,3,3,3,2,3,3,3,2,3,3,3,2,3,3,3,4,4,3,4,3,3,4,4,nam,30 đến 39 tuổi,miền Bắc
14/10/2022 22:33:38,4,3,2,"Giải trí, Du lịch ảo / trải nghiệm",4,3,4,4,2,3,3,3,4,3,5,4,3,4,3,5,4,2,4,3,2,4,3,3,4,5,4,3,5,5,3,4,4,3,4,5,nữ,30 đến 39 tuổi,miền Nam
14/10/2022 23:33:11,3,2,4,"Giải trí, Du lịch ảo / trải nghiệm, Khác",2,1,1,1,3,3,3,3,3,3,3,3,3,3,3,4,3,3,3,3,3,3,3,3,3,3,3,3,3,3,3,3,3,3,3,3,nữ,20 đến 29 tuổi,miền Bắc
15/10/2022 00:16:39,3,3,3,"Giải trí, Mua sắm thời trang",1,1,2,2,5,4,5,3,3,5,5,2,2,3,3,2,3,3,2,3,2,2,3,3,3,3,3,2,2,3,2,3,3,2,3,3,nam,20 đến 29 tuổi,miền Bắc
15/10/2022 06:57:34,3,3,1,"Giải trí, Du lịch ảo / trải nghiệm, Học tập, giáo dục, Mua sắm thời trang",3,3,2,3,2,2,2,2,3,3,3,3,2,3,2,3,3,2,2,3,5,4,4,4,4,3,3,3,4,4,4,4,4,4,4,4,nữ,20 đến 29 tuổi,miền Bắc
15/10/2022 09:09:44,4,4,4,"Giải trí, Du lịch ảo / trải nghiệm, Học tập, giáo dục, Mua sắm thời trang",4,4,4,3,4,4,4,5,4,5,3,3,4,3,3,5,5,5,5,5,5,5,5,5,5,5,5,4,5,5,5,5,5,5,5,4,nam,30 đến 39 tuổi,miền Bắc
15/10/2022 09:13:49,3,3,2,Giải trí,3,2,2,3,4,5,4,5,3,4,3,2,2,2,2,4,4,4,4,4,4,4,4,4,4,4,4,3,4,4,4,4,4,4,4,4,nữ,20 đến 29 tuổi,miền Bắc
15/10/2022 09:18:43,2,2,2,"Học tập, giáo dục",2,2,2,1,5,4,4,5,3,3,3,3,3,3,3,4,4,4,4,5,5,5,5,4,4,4,3,3,3,5,5,5,5,5,5,5,nữ,Dưới 19 tuổi,miền Bắc
15/10/2022 12:01:31,3,3,2,Giải trí,2,1,1,1,4,4,4,4,3,2,2,3,2,2,2,3,3,3,3,4,3,4,4,4,4,4,3,3,3,4,4,4,4,3,4,3,nam,20 đến 29 tuổi,miền Bắc
15/10/2022 12:03:56,1,1,1,Khác,1,1,1,1,5,5,5,5,4,3,3,2,2,2,2,5,5,5,5,5,5,5,5,5,5,5,3,3,3,5,5,5,4,5,4,4,nam,Trên 40 tuổi,miền Bắc
15/10/2022 12:42:44,3,3,3,Mua sắm thời trang,2,1,1,2,4,4,4,4,3,3,3,3,3,3,3,4,4,4,4,4,4,4,4,4,4,4,3,3,4,4,5,4,4,5,4,4,nam,20 đến 29 tuổi,miền Bắc
15/10/2022 19:13:15,1,1,1,"Giải trí, Du lịch ảo / trải nghiệm",2,1,2,2,1,1,1,1,2,2,2,2,2,2,2,2,2,2,2,2,2,2,2,2,2,2,2,2,2,2,1,1,2,1,2,2,nữ,Trên 40 tuổi,miền Bắc
15/10/2022 19:13:17,3,3,4,Mua sắm thời trang,3,4,4,5,4,4,4,3,3,3,4,5,4,5,4,4,3,5,4,4,4,3,3,3,4,4,4,4,3,4,3,3,4,4,3,3,nữ,20 đến 29 tuổi,miền Bắc
15/10/2022 21:05:06,1,1,1,Khác,1,1,1,1,1,1,1,1,1,1,1,1,1,1,1,1,1,1,1,1,1,1,1,1,1,1,1,1,1,1,1,2,2,2,2,2,nam,30 đến 39 tuổi,miền Bắc
15/10/2022 21:53:09,4,4,2,Giải trí,2,3,3,4,3,4,3,2,4,4,4,3,4,4,3,3,3,4,4,4,2,3,5,3,4,2,5,4,5,3,3,5,2,4,3,3,nam,20 đến 29 tuổi,miền Bắc
15/10/2022 22:00:21,1,4,2,Giải trí,1,1,4,4,5,5,5,5,5,5,5,5,4,5,4,4,3,4,4,4,4,4,4,4,4,4,4,4,4,4,4,3,3,4,2,2,nam,20 đến 29 tuổi,miền Bắc
15/10/2022 22:14:24,2,3,2,Giải trí,2,3,4,3,3,4,3,4,4,3,3,3,4,4,4,4,3,4,3,4,2,4,3,4,3,4,4,3,4,2,3,3,3,4,2,4,nam,20 đến 29 tuổi,miền Bắc
16/10/2022 16:37:27,4,3,3,"Du lịch ảo / trải nghiệm, Học tập, giáo dục",3,3,3,3,4,4,4,4,4,5,5,5,5,5,5,4,4,4,4,4,4,4,4,4,4,4,4,4,4,4,4,4,5,5,5,5,nam,Trên 40 tuổi,miền Bắc
17/10/2022 09:16:54,3,2,2,"Giải trí, Khác",3,2,2,1,3,3,4,4,3,4,3,3,3,3,3,3,4,4,4,4,4,5,5,4,4,4,4,4,4,4,4,4,4,4,4,4,nữ,30 đến 39 tuổi,miền Bắc
17/10/2022 09:19:01,4,4,4,"Giải trí, Học tập, giáo dục, Mua sắm thời trang, Khác",4,4,4,4,5,5,5,5,5,5,4,4,4,4,4,4,5,5,5,5,5,5,5,5,5,5,4,4,4,5,5,5,5,5,5,5,nam,30 đến 39 tuổi,miền Trung
17/10/2022 09:21:50,2,2,2,Giải trí,2,1,1,1,4,4,4,4,3,4,3,4,3,3,3,4,4,4,4,4,4,4,4,4,4,4,4,4,4,4,4,4,5,5,5,4,nữ,20 đến 29 tuổi,miền Bắc
17/10/2022 09:50:53,1,2,2,"Giải trí, Du lịch ảo / trải nghiệm, Học tập, giáo dục, Mua sắm thời trang, Khác",2,2,2,2,2,2,2,2,2,2,3,3,3,2,3,3,2,3,3,3,4,2,3,3,4,2,3,4,4,3,4,4,3,4,3,4,nam,30 đến 39 tuổi,miền Bắc
17/10/2022 10:57:00,2,4,4,"Giải trí, Du lịch ảo / trải nghiệm, Mua sắm thời trang",2,2,1,1,2,4,4,4,5,4,5,4,4,5,5,4,5,5,4,5,5,4,5,5,4,5,5,4,5,5,4,5,4,5,4,4,nữ,30 đến 39 tuổi,miền Bắc
17/10/2022 11:12:41,2,1,1,"Giải trí, Du lịch ảo / trải nghiệm, Học tập, giáo dục, Mua sắm thời trang",3,3,3,3,3,3,3,3,3,3,3,3,3,3,3,3,3,3,3,3,3,3,3,3,3,3,3,3,3,3,3,3,3,3,3,3,nữ,20 đến 29 tuổi,miền Bắc
17/10/2022 12:55:48,2,2,2,Giải trí,2,1,2,2,4,4,4,5,4,4,4,4,4,3,4,4,4,4,4,4,4,4,5,4,4,4,4,4,4,4,4,4,4,4,4,4,nữ,20 đến 29 tuổi,miền Bắc
17/10/2022 13:00:18,5,5,5,"Giải trí, Du lịch ảo / trải nghiệm, Học tập, giáo dục, Mua sắm thời trang",5,5,5,5,5,5,5,5,5,5,5,5,5,5,5,5,5,5,5,5,5,5,5,5,5,5,5,5,5,5,5,5,5,5,5,5,nam,20 đến 29 tuổi,miền Bắc
17/10/2022 13:07:14,3,3,5,"Giải trí, Du lịch ảo / trải nghiệm, Học tập, giáo dục, Mua sắm thời trang",2,2,5,5,3,3,3,3,4,5,3,3,3,3,3,3,2,3,2,3,4,4,4,4,5,3,3,3,3,4,4,4,5,3,3,3,nữ,20 đến 29 tuổi,miền Bắc
17/10/2022 13:09:23,2,2,2,"Giải trí, Du lịch ảo / trải nghiệm",1,2,3,3,3,3,2,3,2,2,3,3,2,4,3,3,3,2,4,3,3,4,3,3,2,3,3,4,2,3,2,3,3,2,3,2,nam,20 đến 29 tuổi,miền Bắc
17/10/2022 13:13:40,5,5,5,"Giải trí, Học tập, giáo dục, Mua sắm thời trang",5,5,5,5,5,5,5,5,5,5,5,5,5,5,5,5,5,5,5,5,5,5,5,5,5,5,5,5,5,5,5,5,5,5,5,5,nam,Trên 40 tuổi,miền Bắc
17/10/2022 13:39:02,5,3,3,"Giải trí, Du lịch ảo / trải nghiệm, Học tập, giáo dục, Mua sắm thời trang",3,3,3,3,4,4,3,3,3,4,3,2,4,4,3,2,3,2,2,4,4,3,4,5,5,4,4,5,4,4,3,4,5,4,4,5,nữ,20 đến 29 tuổi,miền Bắc
17/10/2022 13:40:24,2,2,1,"Du lịch ảo / trải nghiệm, Mua sắm thời trang",3,2,3,2,1,2,2,1,2,4,4,4,4,5,3,3,4,4,5,5,4,5,5,4,3,4,3,4,4,5,4,5,4,4,5,4,nam,Dưới 19 tuổi,miền Trung
17/10/2022 16:20:29,3,3,3,"Giải trí, Du lịch ảo / trải nghiệm",3,3,3,3,3,3,3,3,3,3,3,3,3,3,3,3,3,3,3,3,3,3,3,3,3,3,3,3,3,3,3,3,3,3,3,3,nam,20 đến 29 tuổi,miền Bắc
17/10/2022 16:21:32,3,3,3,"Giải trí, Du lịch ảo / trải nghiệm, Học tập, giáo dục",3,3,3,3,3,3,3,3,3,3,3,3,3,3,3,3,3,3,3,3,3,3,3,3,3,3,3,3,3,3,3,3,3,3,3,3,nam,20 đến 29 tuổi,miền Bắc
17/10/2022 16:31:10,5,5,5,Khác,5,5,5,5,5,5,5,5,5,5,5,5,5,5,5,5,5,5,5,5,5,5,5,5,5,5,5,5,5,5,5,5,5,5,5,5,nữ,20 đến 29 tuổi,miền Bắc
17/10/2022 17:31:33,5,5,5,"Giải trí, Du lịch ảo / trải nghiệm, Học tập, giáo dục, Mua sắm thời trang",5,5,5,5,5,5,5,5,5,5,5,5,5,5,5,5,5,5,5,5,5,5,5,5,5,5,5,5,5,5,5,5,5,5,5,5,nam,20 đến 29 tuổi,miền Bắc
17/10/2022 18:37:08,2,1,1,"Giải trí, Du lịch ảo / trải nghiệm, Học tập, giáo dục, Mua sắm thời trang",3,3,3,2,3,3,3,4,3,3,3,3,4,4,4,3,4,3,3,4,5,5,5,4,4,4,4,4,3,4,4,4,3,3,3,3,nữ,20 đến 29 tuổi,miền Bắc
17/10/2022 19:29:50,3,1,1,"Giải trí, Học tập, giáo dục",1,1,3,1,2,3,4,3,2,3,3,3,3,2,2,3,4,4,3,4,4,4,3,2,2,3,3,2,3,3,3,3,2,1,3,3,nữ,20 đến 29 tuổi,miền Bắc
17/10/2022 23:30:51,3,3,3,"Giải trí, Du lịch ảo / trải nghiệm, Học tập, giáo dục",3,3,3,3,3,3,3,3,3,3,3,3,3,3,3,3,3,3,3,3,3,3,3,3,3,3,3,3,3,3,3,3,3,3,3,3,nam,20 đến 29 tuổi,miền Bắc
17/10/2022 23:31:05,3,3,3,"Du lịch ảo / trải nghiệm, Học tập, giáo dục",3,3,3,3,3,3,3,3,3,3,3,3,3,3,3,3,3,3,3,3,3,3,3,3,3,3,3,3,3,3,3,3,3,3,3,3,nam,20 đến 29 tuổi,miền Bắc
17/10/2022 23:37:10,5,4,4,"Giải trí, Du lịch ảo / trải nghiệm, Học tập, giáo dục, Mua sắm thời trang, Khác",3,3,3,4,4,4,4,4,4,4,3,3,3,3,3,3,3,3,3,3,3,3,3,3,3,3,3,3,3,3,3,3,3,3,3,3,nam,20 đến 29 tuổi,miền Bắc
18/10/2022 09:25:36,2,3,4,"Giải trí, Du lịch ảo / trải nghiệm",4,3,2,2,3,4,4,5,5,3,5,4,4,5,3,3,4,2,4,4,5,3,3,4,4,5,4,3,5,4,3,3,5,4,4,3,nữ,Trên 40 tuổi,miền Trung
18/10/2022 09:26:51,1,1,2,Giải trí,3,3,2,3,2,3,3,3,2,3,3,3,4,3,4,3,3,4,5,4,5,3,4,5,4,4,4,5,5,4,5,4,4,3,3,3,nữ,30 đến 39 tuổi,miền Bắc
18/10/2022 09:28:53,3,3,4,"Du lịch ảo / trải nghiệm, Học tập, giáo dục, Mua sắm thời trang",5,4,5,5,4,5,5,5,4,4,5,4,4,3,4,4,3,4,3,4,3,4,4,4,4,5,5,4,4,4,4,5,4,3,4,4,nam,20 đến 29 tuổi,miền Bắc
18/10/2022 09:30:10,4,2,3,Du lịch ảo / trải nghiệm,2,4,2,3,3,2,4,3,3,4,4,4,3,4,3,3,4,4,4,3,4,4,3,3,4,4,4,3,4,4,4,5,3,4,4,4,nam,20 đến 29 tuổi,miền Bắc
18/10/2022 11:12:11,4,4,4,"Giải trí, Du lịch ảo / trải nghiệm, Học tập, giáo dục, Mua sắm thời trang",5,3,5,4,4,4,4,4,5,5,5,4,5,5,5,3,4,4,4,5,5,5,5,5,5,4,5,5,5,5,5,5,5,5,5,4,nữ,20 đến 29 tuổi,miền Bắc
19/10/2022 10:28:14,4,4,3,"Giải trí, Du lịch ảo / trải nghiệm, Học tập, giáo dục",4,3,4,4,4,3,4,4,2,3,3,4,3,4,2,2,2,3,3,4,4,3,3,3,2,4,4,2,4,4,4,4,2,3,3,3,nữ,20 đến 29 tuổi,miền Bắc
19/10/2022 10:28:16,5,5,4,"Giải trí, Du lịch ảo / trải nghiệm, Học tập, giáo dục, Mua sắm thời trang",4,1,5,5,2,4,5,4,4,3,5,3,3,5,4,5,3,4,5,4,5,3,5,4,5,3,4,5,3,3,4,5,5,3,5,4,nam,20 đến 29 tuổi,miền Bắc
19/10/2022 10:28:43,2,3,1,Khác,1,2,2,2,2,2,2,3,3,3,3,3,3,3,3,3,3,3,3,3,3,3,3,3,3,3,3,3,3,3,3,3,3,3,3,3,nam,20 đến 29 tuổi,miền Bắc
19/10/2022 10:29:19,3,2,3,"Giải trí, Du lịch ảo / trải nghiệm",1,2,4,3,3,4,4,4,3,4,4,4,3,3,3,2,3,3,3,3,4,3,3,4,3,3,3,4,4,4,4,3,3,3,4,3,nữ,20 đến 29 tuổi,miền Bắc
19/10/2022 10:29:21,4,4,5,"Giải trí, Mua sắm thời trang",2,5,3,2,3,2,2,2,2,2,1,3,2,3,3,4,3,4,3,2,2,2,2,2,3,2,2,2,2,2,2,2,3,2,2,2,nam,20 đến 29 tuổi,miền Bắc
19/10/2022 10:30:21,3,3,2,Mua sắm thời trang,4,3,4,4,5,4,4,4,4,5,3,4,5,4,2,4,4,5,5,4,4,4,4,4,4,3,4,3,4,4,3,3,3,4,4,3,nữ,20 đến 29 tuổi,miền Bắc
19/10/2022 10:31:54,1,1,2,"Học tập, giáo dục, Mua sắm thời trang, Khác",4,1,4,4,4,4,3,3,3,3,4,4,5,2,2,4,1,5,2,2,3,4,4,4,5,4,4,4,5,3,5,4,4,4,4,3,nữ,20 đến 29 tuổi,miền Bắc
19/10/2022 10:56:13,4,4,3,"Giải trí, Du lịch ảo / trải nghiệm, Học tập, giáo dục, Mua sắm thời trang, Khác",4,4,4,4,4,3,3,3,3,3,4,4,4,5,3,3,3,3,3,3,3,3,3,3,3,3,3,3,3,3,3,3,3,3,4,4,nam,20 đến 29 tuổi,miền Bắc
19/10/2022 11:02:25,3,3,1,Giải trí,2,2,4,4,4,3,3,4,4,4,4,4,3,3,3,3,3,3,3,3,3,3,3,4,4,4,3,3,3,3,3,3,3,3,3,3,nam,20 đến 29 tuổi,miền Bắc
19/10/2022 11:30:37,4,4,4,"Giải trí, Học tập, giáo dục",4,4,5,5,3,4,4,4,4,5,3,3,3,5,3,3,4,4,3,5,5,5,5,4,5,4,4,3,3,3,4,4,4,4,5,3,nữ,20 đến 29 tuổi,miền Bắc
19/10/2022 11:59:10,3,2,1,Mua sắm thời trang,3,1,1,1,4,4,5,5,5,5,5,4,4,4,3,2,4,4,2,4,5,5,4,4,4,3,4,4,4,5,5,5,5,5,5,4,nữ,20 đến 29 tuổi,miền Bắc
19/10/2022 15:10:04,2,5,1,"Du lịch ảo / trải nghiệm, Học tập, giáo dục, Mua sắm thời trang",5,4,4,4,3,3,4,4,3,4,3,2,3,4,4,2,3,2,3,4,3,4,4,3,3,4,3,4,3,4,4,4,4,4,3,3,nữ,20 đến 29 tuổi,miền Bắc
19/10/2022 15:19:59,5,3,4,"Giải trí, Học tập, giáo dục, Mua sắm thời trang",2,3,4,3,3,3,3,4,3,3,3,3,3,3,3,3,3,3,3,3,3,3,3,3,3,3,3,3,3,3,3,3,3,3,3,3,nam,30 đến 39 tuổi,miền Bắc
19/10/2022 16:52:42,3,4,3,Giải trí,2,4,3,1,4,5,4,3,3,4,5,5,5,4,4,4,3,4,4,3,5,4,4,4,4,3,4,3,5,4,5,5,5,3,4,4,nữ,20 đến 29 tuổi,miền Bắc
19/10/2022 16:54:12,1,1,2,Giải trí,1,1,2,1,4,5,4,3,4,5,5,5,4,5,4,4,5,5,4,5,4,4,3,4,3,4,4,4,3,3,4,5,5,5,3,4,nữ,20 đến 29 tuổi,miền Bắc
21/10/2022 10:56:42,3,3,2,Mua sắm thời trang,4,3,4,4,4,4,4,4,4,4,4,4,4,4,3,4,3,4,3,4,3,4,3,4,3,4,3,4,3,4,3,4,4,3,4,3,nữ,20 đến 29 tuổi,miền Bắc
22/10/2022 01:14:55,2,3,3,Giải trí,2,1,1,2,5,3,5,5,3,5,3,1,5,5,5,4,4,5,5,5,5,5,5,5,5,5,4,4,5,5,5,5,5,5,5,4,nam,Trên 40 tuổi,miền Bắc
24/10/2022 08:32:14,1,2,3,Giải trí,3,2,1,1,4,4,3,4,4,5,5,4,4,4,5,4,4,3,4,3,5,4,5,4,5,4,4,4,5,4,5,4,4,4,5,4,nữ,30 đến 39 tuổi,Nước ngoài
24/10/2022 08:34:05,3,4,2,"Giải trí, Mua sắm thời trang",3,3,2,1,4,4,3,4,4,3,4,5,5,5,4,4,4,4,5,4,5,5,4,4,4,5,4,3,5,5,3,3,3,4,4,3,nam,30 đến 39 tuổi,miền Nam
24/10/2022 08:35:40,2,3,3,"Học tập, giáo dục",3,2,4,4,5,5,5,5,4,3,4,5,4,3,5,5,5,3,3,3,3,4,4,3,3,4,4,5,5,5,4,5,5,5,4,5,nam,30 đến 39 tuổi,miền Trung
24/10/2022 08:36:57,4,4,3,"Giải trí, Du lịch ảo / trải nghiệm, Mua sắm thời trang",4,5,4,4,4,3,4,4,4,3,4,4,4,5,4,4,5,4,3,4,5,5,5,4,3,4,4,4,4,5,4,5,3,4,5,5,nữ,30 đến 39 tuổi,miền Bắc
24/10/2022 08:39:05,3,4,3,"Giải trí, Học tập, giáo dục",1,2,2,1,4,3,5,5,4,5,4,5,5,4,5,5,5,4,4,4,5,5,5,5,4,4,4,5,4,4,5,5,5,4,5,5,nữ,30 đến 39 tuổi,miền Bắc
24/10/2022 08:43:33,3,2,3,"Giải trí, Du lịch ảo / trải nghiệm",2,1,2,2,4,3,4,3,3,4,4,3,4,3,4,4,3,4,4,3,4,4,4,4,3,4,4,4,3,5,4,4,4,5,4,5,nam,30 đến 39 tuổi,miền Bắc
24/10/2022 08:47:46,3,2,3,"Giải trí, Du lịch ảo / trải nghiệm",2,2,1,1,3,4,4,5,4,5,3,4,4,5,3,4,4,5,3,4,3,4,5,3,4,3,4,3,4,5,3,4,4,5,5,5,nữ,30 đến 39 tuổi,miền Bắc
24/10/2022 15:18:28,5,4,4,"Giải trí, Du lịch ảo / trải nghiệm, Học tập, giáo dục, Mua sắm thời trang",4,4,4,4,4,4,4,4,4,4,4,4,4,4,4,4,4,4,4,4,4,4,4,4,4,4,4,4,4,4,4,4,4,4,4,4,nam,20 đến 29 tuổi,miền Bắc
24/10/2022 15:18:58,5,5,5,Giải trí,5,5,5,5,5,5,5,5,5,5,5,5,5,5,5,5,5,5,5,5,5,5,5,5,5,5,5,5,5,5,5,5,5,5,5,5,nam,20 đến 29 tuổi,miền Bắc
24/10/2022 15:34:14,3,3,2,"Giải trí, Du lịch ảo / trải nghiệm, Học tập, giáo dục, Mua sắm thời trang, Khác",3,4,5,5,4,3,4,3,3,4,4,3,4,4,2,3,4,3,3,3,3,3,4,3,4,3,4,4,3,3,3,3,4,3,4,2,nam,20 đến 29 tuổi,miền Bắc
24/10/2022 15:38:07,3,4,3,"Giải trí, Du lịch ảo / trải nghiệm, Học tập, giáo dục",3,4,5,5,5,5,5,5,4,5,5,5,5,5,5,4,3,2,4,5,5,5,5,4,4,5,5,5,5,5,5,5,5,5,5,3,nữ,20 đến 29 tuổi,miền Bắc
24/10/2022 15:42:19,1,1,2,Du lịch ảo / trải nghiệm,1,1,1,1,1,1,1,2,1,3,3,2,1,3,2,3,3,2,3,3,3,2,3,3,3,2,2,3,2,2,2,2,2,2,2,1,nữ,20 đến 29 tuổi,miền Bắc
24/10/2022 15:44:28,1,2,3,"Du lịch ảo / trải nghiệm, Học tập, giáo dục, Mua sắm thời trang",4,3,4,4,5,2,2,4,3,4,1,1,4,2,3,1,4,1,1,4,5,3,5,4,3,2,3,4,4,2,2,2,2,1,4,2,nữ,20 đến 29 tuổi,miền Bắc
24/10/2022 19:40:08,3,3,3,"Giải trí, Du lịch ảo / trải nghiệm, Học tập, giáo dục",4,4,3,3,4,4,5,5,3,3,4,4,4,4,4,5,5,3,3,4,3,3,3,4,4,4,4,4,4,5,5,3,4,4,4,3,nữ,20 đến 29 tuổi,miền Bắc
25/10/2022 09:13:05,3,4,3,"Giải trí, Học tập, giáo dục",4,3,3,3,4,4,5,5,5,5,4,5,5,4,5,5,5,3,4,4,3,3,3,3,3,4,4,4,4,3,3,4,3,5,4,5,nữ,20 đến 29 tuổi,miền Bắc
25/10/2022 11:06:24,4,4,4,"Học tập, giáo dục, Mua sắm thời trang",5,4,3,5,4,4,5,5,5,4,5,5,5,4,5,4,5,4,4,4,5,4,5,5,5,5,4,5,4,4,5,4,5,4,5,5,nam,20 đến 29 tuổi,miền Bắc
25/10/2022 16:05:59,5,5,5,Khác,5,5,5,5,5,5,5,5,5,5,5,5,5,5,5,5,5,5,5,5,5,5,5,5,5,5,5,5,5,5,5,5,5,5,5,5,nam,30 đến 39 tuổi,miền Bắc
25/10/2022 16:43:39,3,3,3,"Giải trí, Du lịch ảo / trải nghiệm, Học tập, giáo dục, Mua sắm thời trang, Khác",1,4,4,4,5,3,5,5,3,3,1,2,5,5,3,5,5,5,5,5,5,5,5,5,5,5,5,5,2,3,3,3,5,5,5,1,nữ,20 đến 29 tuổi,miền Bắc
25/10/2022 17:57:32,3,4,3,"Giải trí, Du lịch ảo / trải nghiệm, Mua sắm thời trang",4,3,4,4,4,4,4,5,4,5,5,3,4,4,4,4,5,5,4,5,4,4,4,5,5,5,4,4,4,5,5,5,4,4,4,3,nữ,Dưới 19 tuổi,miền Bắc
26/10/2022 09:09:33,4,3,3,"Giải trí, Khác",4,2,4,1,5,5,5,5,5,5,4,3,5,5,4,5,5,5,5,5,5,5,5,5,5,5,5,5,5,5,5,5,5,5,5,5,nữ,30 đến 39 tuổi,miền Bắc
26/10/2022 09:14:05,5,5,5,"Giải trí, Du lịch ảo / trải nghiệm, Học tập, giáo dục, Mua sắm thời trang",5,5,5,5,5,5,5,5,5,5,5,5,5,5,5,5,5,5,5,5,5,5,5,5,5,5,5,5,5,5,5,5,5,5,5,5,nữ,20 đến 29 tuổi,miền Bắc
26/10/2022 09:15:49,3,2,1,"Giải trí, Du lịch ảo / trải nghiệm, Mua sắm thời trang",3,3,3,2,3,3,3,3,3,3,3,3,3,3,3,3,3,3,3,3,3,3,3,3,3,3,3,3,3,3,3,3,3,3,3,3,nữ,20 đến 29 tuổi,miền Bắc
26/10/2022 09:16:43,3,3,2,Giải trí,1,1,3,3,2,3,2,3,3,3,2,1,3,2,1,3,2,3,3,3,3,3,3,3,3,3,3,2,2,3,2,2,3,2,2,2,nam,20 đến 29 tuổi,miền Bắc
26/10/2022 09:19:55,3,3,2,"Giải trí, Học tập, giáo dục",4,2,3,2,4,4,4,4,3,4,3,3,5,5,3,5,5,5,5,5,4,4,3,5,3,3,3,3,3,3,3,3,3,3,4,2,nữ,20 đến 29 tuổi,miền Bắc
26/10/2022 09:26:50,4,4,4,"Giải trí, Du lịch ảo / trải nghiệm, Học tập, giáo dục, Mua sắm thời trang, Khác",4,4,4,4,4,4,4,4,4,4,4,4,4,4,4,4,4,4,4,4,4,4,4,4,4,4,4,4,4,4,4,4,4,4,4,4,nam,20 đến 29 tuổi,miền Bắc
26/10/2022 09:27:49,3,3,1,"Giải trí, Học tập, giáo dục, Mua sắm thời trang",3,4,4,2,4,4,3,3,4,3,3,4,3,4,4,5,5,5,5,4,4,5,5,5,5,5,4,4,5,5,5,5,4,4,5,4,nữ,20 đến 29 tuổi,miền Bắc
26/10/2022 09:35:16,5,1,1,"Giải trí, Du lịch ảo / trải nghiệm, Học tập, giáo dục, Mua sắm thời trang",5,5,5,5,5,5,5,5,5,5,5,5,5,5,5,5,5,5,5,5,5,5,5,5,5,5,5,5,5,5,5,5,5,5,5,5,nữ,20 đến 29 tuổi,miền Bắc
26/10/2022 09:35:42,3,4,4,"Giải trí, Du lịch ảo / trải nghiệm, Mua sắm thời trang",3,4,4,4,5,5,5,5,5,5,5,5,5,5,5,5,5,5,5,5,5,5,5,5,5,5,5,5,5,5,5,5,5,5,5,5,nam,20 đến 29 tuổi,miền Bắc
26/10/2022 09:37:04,3,2,2,Giải trí,2,2,2,3,3,3,3,3,3,3,3,2,3,3,3,4,4,3,3,4,4,4,4,4,4,4,4,4,4,4,4,5,4,4,4,5,nam,30 đến 39 tuổi,miền Bắc
26/10/2022 09:41:06,4,4,4,"Giải trí, Học tập, giáo dục, Mua sắm thời trang",4,4,4,4,4,4,4,4,4,4,4,4,4,4,4,4,4,4,4,4,4,4,4,4,4,4,4,4,4,4,4,4,4,4,4,4,nữ,Trên 40 tuổi,miền Bắc
26/10/2022 09:55:16,1,2,2,Mua sắm thời trang,4,4,4,4,4,5,5,5,5,5,5,5,5,5,5,1,1,1,1,3,3,3,3,5,5,5,5,5,5,5,5,5,5,5,5,4,nữ,30 đến 39 tuổi,miền Bắc
26/10/2022 09:58:28,5,5,1,"Giải trí, Du lịch ảo / trải nghiệm, Học tập, giáo dục, Mua sắm thời trang, Khác",5,5,5,5,5,4,4,4,3,4,3,1,4,5,4,5,5,5,5,5,5,5,5,5,5,5,5,4,3,3,3,4,3,3,3,1,nam,30 đến 39 tuổi,miền Bắc
26/10/2022 10:09:46,1,1,1,"Giải trí, Du lịch ảo / trải nghiệm, Học tập, giáo dục, Mua sắm thời trang",1,1,1,1,4,4,4,4,3,4,4,4,4,4,4,4,4,4,4,4,4,4,4,4,4,4,4,4,4,4,4,4,4,4,4,4,nữ,20 đến 29 tuổi,miền Bắc
26/10/2022 10:12:25,4,3,1,"Giải trí, Du lịch ảo / trải nghiệm, Học tập, giáo dục, Mua sắm thời trang",4,4,4,4,3,3,3,3,3,2,4,4,4,4,5,3,4,5,5,4,3,5,5,3,5,5,3,5,4,3,5,5,4,4,3,3,nam,20 đến 29 tuổi,miền Bắc
26/10/2022 10:13:52,4,3,3,"Học tập, giáo dục",2,3,4,3,3,3,3,3,3,4,3,3,4,4,4,4,4,4,4,4,4,4,5,5,5,5,4,4,3,4,3,3,5,4,4,3,nữ,Dưới 19 tuổi,miền Bắc
26/10/2022 10:29:41,2,2,1,"Giải trí, Du lịch ảo / trải nghiệm, Học tập, giáo dục, Mua sắm thời trang, Khác",1,1,1,1,2,1,1,2,2,2,2,3,4,4,4,3,3,4,3,3,3,3,3,3,3,4,4,4,3,4,3,4,3,2,2,2,nữ,30 đến 39 tuổi,miền Bắc
26/10/2022 10:44:41,3,1,1,"Giải trí, Du lịch ảo / trải nghiệm",2,2,2,3,1,5,2,2,2,2,2,2,2,2,2,2,2,2,2,3,3,2,3,2,3,3,2,2,2,2,2,2,2,2,2,2,nam,30 đến 39 tuổi,miền Bắc
26/10/2022 10:49:43,2,2,2,Khác,1,1,2,2,4,4,4,4,4,3,5,3,3,3,4,1,2,1,1,3,4,3,3,5,5,5,3,1,3,4,4,4,4,4,4,4,nam,30 đến 39 tuổi,miền Trung
26/10/2022 10:52:30,5,5,5,Giải trí,5,5,5,5,5,5,5,5,5,5,5,5,5,5,5,5,5,5,5,5,5,5,5,5,5,5,5,5,5,5,5,5,5,5,5,5,nam,30 đến 39 tuổi,miền Bắc
26/10/2022 11:13:55,5,5,1,"Giải trí, Du lịch ảo / trải nghiệm, Học tập, giáo dục",2,5,4,5,5,3,4,4,4,4,5,2,5,4,5,5,5,5,5,5,5,5,5,4,5,4,5,4,5,4,5,4,5,4,5,4,nam,30 đến 39 tuổi,miền Bắc
26/10/2022 11:19:10,3,3,3,"Giải trí, Du lịch ảo / trải nghiệm, Học tập, giáo dục, Mua sắm thời trang",3,3,3,3,3,3,3,3,3,3,3,3,3,3,3,3,3,3,3,3,3,3,3,3,3,3,3,3,3,3,3,3,3,3,3,3,nữ,20 đến 29 tuổi,miền Bắc
26/10/2022 11:19:54,5,5,5,Du lịch ảo / trải nghiệm,5,5,5,5,5,5,5,5,5,5,5,5,5,5,5,5,5,5,5,5,5,5,5,5,5,5,5,5,5,5,5,5,5,5,5,5,nam,Trên 40 tuổi,miền Bắc
26/10/2022 11:50:29,4,3,1,Giải trí,2,4,2,2,5,5,5,5,5,5,5,5,5,5,5,3,4,4,3,4,4,4,4,4,4,4,4,4,4,4,4,4,5,5,5,5,nam,20 đến 29 tuổi,miền Bắc
26/10/2022 11:53:47,3,2,2,Giải trí,2,2,2,3,3,2,1,3,3,3,3,2,2,3,4,3,2,1,3,2,3,4,4,4,4,4,3,1,2,2,2,2,3,3,3,3,nam,20 đến 29 tuổi,miền Bắc
26/10/2022 12:05:35,5,5,5,"Giải trí, Du lịch ảo / trải nghiệm, Mua sắm thời trang",5,3,5,5,5,5,5,5,5,5,5,3,4,5,5,5,4,3,3,5,5,3,4,5,5,5,5,3,4,5,4,4,5,5,4,2,nữ,20 đến 29 tuổi,miền Bắc
26/10/2022 12:09:48,1,1,1,Khác,1,1,1,1,1,1,1,1,1,1,1,1,1,1,1,1,1,1,1,1,1,1,1,1,1,1,1,1,1,1,1,1,1,1,1,1,nữ,20 đến 29 tuổi,miền Bắc
26/10/2022 12:11:23,2,2,1,Giải trí,1,1,1,1,1,1,1,1,1,2,1,1,1,2,1,1,2,1,1,1,1,1,2,1,3,2,3,2,2,2,1,2,2,2,1,2,nam,20 đến 29 tuổi,miền Bắc
26/10/2022 12:12:36,1,1,1,"Giải trí, Du lịch ảo / trải nghiệm, Học tập, giáo dục, Mua sắm thời trang",2,4,4,5,3,2,2,2,3,2,3,3,3,2,2,2,3,2,2,3,4,4,4,4,4,4,4,4,4,4,4,4,4,4,4,4,nữ,20 đến 29 tuổi,miền Bắc
26/10/2022 12:13:10,5,4,4,"Du lịch ảo / trải nghiệm, Học tập, giáo dục, Mua sắm thời trang",4,4,4,4,4,4,4,4,4,4,4,4,4,4,4,4,4,4,4,4,4,4,4,4,4,4,4,4,4,4,4,4,4,4,4,4,nữ,20 đến 29 tuổi,miền Bắc
26/10/2022 12:13:19,4,4,4,Giải trí,4,4,4,4,4,4,4,4,4,4,4,4,4,4,4,4,4,4,4,4,4,4,4,4,4,4,4,4,4,4,4,4,4,4,4,4,nam,30 đến 39 tuổi,miền Bắc
26/10/2022 12:15:32,4,3,3,"Giải trí, Du lịch ảo / trải nghiệm, Học tập, giáo dục",2,1,2,1,2,3,2,1,3,1,2,2,3,2,2,2,2,3,1,1,2,3,4,2,2,2,3,3,2,3,2,1,4,2,3,2,nam,20 đến 29 tuổi,miền Bắc
26/10/2022 12:22:57,4,4,3,"Giải trí, Du lịch ảo / trải nghiệm, Học tập, giáo dục",5,5,5,5,4,5,5,5,5,4,4,3,4,5,4,4,3,5,5,5,4,5,4,5,5,5,5,5,5,4,5,5,5,5,5,5,nam,20 đến 29 tuổi,miền Bắc
26/10/2022 12:38:58,4,4,4,"Giải trí, Du lịch ảo / trải nghiệm",4,5,4,5,4,5,5,5,4,3,3,3,4,3,3,3,4,4,3,4,3,4,4,4,3,3,3,3,3,3,3,3,3,3,3,3,nam,30 đến 39 tuổi,miền Bắc
26/10/2022 12:49:15,4,3,3,"Du lịch ảo / trải nghiệm, Học tập, giáo dục",3,3,3,3,4,4,4,4,4,4,4,4,4,4,4,4,4,4,4,4,4,4,4,4,4,4,4,4,4,4,4,4,4,4,4,4,nam,30 đến 39 tuổi,miền Bắc
26/10/2022 13:00:01,4,3,3,"Học tập, giáo dục",4,5,5,5,4,5,4,5,3,4,5,5,3,3,5,4,5,5,5,3,4,4,3,3,4,5,4,4,5,4,4,5,3,4,5,5,nam,20 đến 29 tuổi,miền Bắc
26/10/2022 13:51:18,4,3,3,"Giải trí, Du lịch ảo / trải nghiệm, Học tập, giáo dục, Mua sắm thời trang",3,3,3,3,3,3,3,3,3,3,3,3,3,3,3,3,3,3,3,3,3,3,3,3,3,3,3,3,3,3,3,3,3,3,3,3,nữ,20 đến 29 tuổi,miền Bắc
26/10/2022 14:01:43,4,4,3,"Giải trí, Du lịch ảo / trải nghiệm, Học tập, giáo dục, Mua sắm thời trang, Khác",4,5,4,4,4,5,5,4,5,5,4,4,4,5,4,5,5,4,4,5,5,5,5,4,5,5,4,4,5,5,5,5,5,5,4,4,nữ,Trên 40 tuổi,miền Bắc
26/10/2022 14:22:15,4,4,4,"Giải trí, Du lịch ảo / trải nghiệm, Học tập, giáo dục, Mua sắm thời trang, Khác",4,4,4,4,4,4,4,4,4,4,4,4,4,4,4,4,4,4,4,4,4,4,4,4,4,4,4,4,4,4,4,4,4,4,4,4,nữ,Trên 40 tuổi,miền Bắc
26/10/2022 14:26:39,2,3,3,"Giải trí, Du lịch ảo / trải nghiệm, Học tập, giáo dục, Mua sắm thời trang",4,3,4,4,5,4,4,4,4,4,4,4,4,4,4,4,4,4,4,4,4,4,4,4,4,4,4,4,4,4,4,4,4,4,4,4,nữ,20 đến 29 tuổi,miền Bắc
26/10/2022 14:46:50,4,2,2,"Giải trí, Du lịch ảo / trải nghiệm, Học tập, giáo dục",3,3,4,3,4,4,3,5,5,4,5,4,4,3,4,5,4,4,5,5,4,4,5,5,5,4,5,4,5,4,5,4,5,5,4,4,nữ,20 đến 29 tuổi,miền Bắc
26/10/2022 15:14:50,3,3,3,"Giải trí, Du lịch ảo / trải nghiệm, Học tập, giáo dục, Mua sắm thời trang",4,2,3,2,4,3,4,3,2,3,2,3,3,4,2,2,3,3,4,4,3,4,3,5,4,4,4,4,4,4,4,4,3,4,3,1,nữ,20 đến 29 tuổi,miền Bắc
26/10/2022 15:51:11,4,1,1,Mua sắm thời trang,1,2,2,1,5,5,4,5,4,5,5,2,3,3,2,4,5,5,5,4,5,4,4,4,5,4,4,4,4,5,5,5,4,4,5,5,nữ,20 đến 29 tuổi,miền Bắc
26/10/2022 16:00:42,5,5,5,"Giải trí, Du lịch ảo / trải nghiệm, Học tập, giáo dục, Mua sắm thời trang",5,5,5,5,5,5,5,5,5,5,5,5,5,5,5,5,5,5,5,5,5,5,5,5,5,5,5,5,5,5,5,5,5,5,5,5,nữ,20 đến 29 tuổi,miền Trung
26/10/2022 16:00:45,3,2,1,"Giải trí, Du lịch ảo / trải nghiệm",2,4,4,4,4,2,4,2,3,2,2,2,2,2,3,3,2,2,2,2,2,2,2,2,2,3,3,3,3,3,3,3,3,3,3,3,nam,20 đến 29 tuổi,miền Bắc
26/10/2022 16:18:01,3,3,2,"Giải trí, Học tập, giáo dục",3,2,3,1,5,4,5,4,3,5,3,3,4,4,3,4,4,4,4,5,5,5,5,5,5,5,4,4,4,4,5,4,5,5,5,3,nam,20 đến 29 tuổi,miền Bắc
26/10/2022 16:20:29,3,3,2,"Giải trí, Khác",2,1,2,1,5,5,5,5,5,5,4,4,5,5,4,5,5,5,5,5,5,5,5,5,5,5,4,4,5,4,4,4,5,4,5,4,nam,30 đến 39 tuổi,miền Bắc
26/10/2022 16:24:34,2,3,1,Giải trí,1,1,1,1,5,4,5,5,5,5,4,2,5,5,3,5,5,5,5,5,5,5,5,5,5,5,4,4,5,5,5,5,5,5,5,2,nam,30 đến 39 tuổi,miền Trung
26/10/2022 16:28:43,4,4,3,"Giải trí, Du lịch ảo / trải nghiệm",3,2,3,2,5,5,5,5,4,5,4,4,5,5,4,5,5,5,5,5,5,5,5,5,5,5,4,4,5,5,5,5,5,5,5,4,nam,30 đến 39 tuổi,miền Bắc
26/10/2022 16:30:24,2,3,2,Giải trí,1,1,2,1,5,5,5,5,4,4,4,4,4,4,4,5,5,5,5,5,5,5,5,5,5,5,4,4,5,5,5,5,4,4,4,3,nữ,20 đến 29 tuổi,miền Bắc
26/10/2022 16:42:52,4,3,3,"Giải trí, Du lịch ảo / trải nghiệm, Học tập, giáo dục",2,3,3,4,5,5,5,5,5,5,5,5,5,5,5,5,5,5,5,5,5,5,5,5,5,5,5,5,5,5,5,5,5,5,5,5,nam,20 đến 29 tuổi,miền Bắc
26/10/2022 17:39:29,3,4,2,Giải trí,1,1,2,1,5,5,5,5,4,5,4,3,5,5,5,5,5,5,5,5,5,5,5,5,5,5,4,4,5,5,5,5,5,5,5,4,nữ,Dưới 19 tuổi,miền Bắc
26/10/2022 17:42:03,5,5,5,"Giải trí, Du lịch ảo / trải nghiệm, Học tập, giáo dục, Mua sắm thời trang",4,5,5,5,5,5,5,5,5,5,5,5,5,5,5,5,5,5,5,5,5,5,5,5,5,5,5,5,5,5,5,5,5,5,5,5,nam,20 đến 29 tuổi,miền Bắc
26/10/2022 18:00:07,3,3,2,"Giải trí, Học tập, giáo dục",2,2,2,2,5,5,5,5,4,5,4,4,4,5,4,5,4,4,5,5,4,4,5,5,4,5,4,4,4,4,4,4,4,5,5,4,nam,30 đến 39 tuổi,miền Bắc
26/10/2022 18:38:34,4,3,3,"Giải trí, Du lịch ảo / trải nghiệm, Học tập, giáo dục, Mua sắm thời trang, Khác",3,3,3,3,3,3,3,3,3,3,3,3,3,3,3,3,3,3,3,3,3,3,3,3,3,3,3,3,3,3,3,3,2,2,2,2,nam,20 đến 29 tuổi,miền Bắc
26/10/2022 18:49:18,3,3,3,"Giải trí, Du lịch ảo / trải nghiệm, Học tập, giáo dục",1,3,3,3,2,2,2,2,2,2,2,2,2,2,2,2,2,2,2,2,2,2,2,2,2,2,2,2,2,2,2,2,2,2,2,2,nam,20 đến 29 tuổi,miền Bắc
26/10/2022 18:52:53,2,2,2,"Giải trí, Du lịch ảo / trải nghiệm, Học tập, giáo dục, Mua sắm thời trang, Khác",2,2,2,2,2,2,2,2,2,2,2,2,2,2,2,2,2,2,2,2,2,2,2,2,2,2,2,2,2,2,2,2,2,2,2,2,nữ,20 đến 29 tuổi,miền Trung
26/10/2022 18:58:20,1,1,1,"Giải trí, Du lịch ảo / trải nghiệm",1,1,1,1,1,1,1,1,1,1,1,1,1,1,1,1,1,1,1,1,1,1,1,1,1,1,1,1,1,1,1,1,1,1,1,1,nữ,20 đến 29 tuổi,miền Trung
26/10/2022 19:05:43,4,4,4,"Giải trí, Du lịch ảo / trải nghiệm, Học tập, giáo dục, Mua sắm thời trang, Khác",5,5,5,5,5,5,5,5,5,5,5,5,5,5,5,3,3,3,3,4,4,4,4,5,5,5,4,4,4,5,4,3,4,4,4,4,nam,Dưới 19 tuổi,miền Bắc
26/10/2022 20:44:37,4,4,4,"Giải trí, Du lịch ảo / trải nghiệm, Học tập, giáo dục",4,5,5,3,4,3,5,3,4,5,3,3,4,4,5,5,3,4,5,3,4,4,4,4,4,4,4,5,5,5,5,5,5,4,5,4,nam,20 đến 29 tuổi,miền Bắc
26/10/2022 21:37:37,4,4,3,"Giải trí, Du lịch ảo / trải nghiệm, Học tập, giáo dục",3,3,4,4,3,3,3,3,3,3,3,3,3,3,3,3,3,3,3,4,4,4,4,3,3,3,3,3,3,3,3,3,3,3,3,3,nam,20 đến 29 tuổi,miền Bắc
27/10/2022 00:10:39,3,3,3,"Giải trí, Mua sắm thời trang",3,2,3,4,3,2,3,2,3,4,2,3,3,2,4,2,3,4,3,2,3,4,3,3,2,4,4,3,2,3,4,2,2,3,3,4,nữ,20 đến 29 tuổi,miền Bắc
27/10/2022 08:15:38,2,2,1,Khác,1,1,2,1,4,4,4,4,4,4,4,4,4,4,3,4,4,4,4,4,4,4,4,4,4,4,4,4,5,4,4,4,4,4,4,3,nam,30 đến 39 tuổi,miền Bắc
27/10/2022 08:16:26,5,5,5,Du lịch ảo / trải nghiệm,5,5,5,5,5,5,5,5,5,4,4,5,4,4,4,4,4,4,4,4,4,4,4,5,4,5,5,4,5,5,5,5,3,4,5,5,nam,20 đến 29 tuổi,miền Bắc
27/10/2022 08:17:16,3,3,2,Giải trí,1,1,2,2,5,4,5,4,5,5,4,3,5,5,4,5,5,4,5,5,5,5,5,5,5,4,4,4,5,5,5,5,5,4,5,3,nam,30 đến 39 tuổi,miền Trung
27/10/2022 08:18:28,1,1,1,Khác,1,1,1,1,5,5,5,5,5,5,5,4,5,5,5,5,5,5,5,5,5,5,5,5,5,5,5,5,5,5,5,5,5,5,5,5,nữ,30 đến 39 tuổi,miền Bắc
27/10/2022 09:28:01,3,4,4,"Giải trí, Du lịch ảo / trải nghiệm, Học tập, giáo dục, Mua sắm thời trang",4,4,4,4,4,4,4,4,4,4,4,4,4,4,4,4,5,4,5,5,5,5,5,5,5,5,4,4,4,4,4,4,4,4,4,4,nữ,20 đến 29 tuổi,miền Bắc
27/10/2022 10:02:40,3,4,3,"Giải trí, Học tập, giáo dục, Mua sắm thời trang",4,3,4,4,5,5,5,5,4,4,2,3,4,4,3,3,3,3,3,5,5,5,5,5,5,5,5,5,5,4,4,4,4,4,4,4,nữ,20 đến 29 tuổi,miền Bắc
27/10/2022 11:02:52,2,2,2,"Giải trí, Du lịch ảo / trải nghiệm, Học tập, giáo dục, Mua sắm thời trang",4,4,5,5,4,5,4,5,4,5,4,5,4,4,5,4,5,4,4,4,5,4,4,4,4,5,4,5,4,5,5,4,5,4,5,5,nam,20 đến 29 tuổi,miền Bắc
27/10/2022 11:04:04,3,4,5,"Giải trí, Du lịch ảo / trải nghiệm, Học tập, giáo dục, Mua sắm thời trang",4,5,4,5,4,5,4,5,5,5,4,5,5,5,4,5,4,5,4,4,3,4,3,4,5,4,4,5,4,4,4,5,4,5,4,5,nam,30 đến 39 tuổi,miền Bắc
27/10/2022 11:05:07,3,4,5,"Giải trí, Du lịch ảo / trải nghiệm, Học tập, giáo dục, Mua sắm thời trang",4,5,4,5,4,4,5,5,5,4,5,5,5,5,5,5,5,5,4,4,4,5,4,4,5,4,4,4,4,4,5,5,5,4,5,5,nam,30 đến 39 tuổi,miền Bắc
27/10/2022 11:06:27,3,4,5,"Giải trí, Du lịch ảo / trải nghiệm, Học tập, giáo dục, Mua sắm thời trang",4,4,3,5,5,4,4,5,4,4,4,5,5,5,4,5,4,4,5,5,4,5,4,5,4,5,5,5,5,5,5,5,5,5,4,5,nữ,30 đến 39 tuổi,miền Bắc
27/10/2022 11:07:42,4,5,4,"Giải trí, Du lịch ảo / trải nghiệm, Học tập, giáo dục, Mua sắm thời trang",5,5,4,5,5,4,5,4,5,4,5,4,5,4,5,4,5,5,5,5,4,5,5,4,5,4,4,5,4,4,4,5,4,5,5,5,nữ,30 đến 39 tuổi,miền Bắc
27/10/2022 11:08:44,4,5,4,"Giải trí, Du lịch ảo / trải nghiệm, Học tập, giáo dục, Mua sắm thời trang",5,4,5,4,5,5,4,5,5,4,5,5,5,5,5,4,5,4,4,5,4,5,5,4,4,4,4,5,4,4,4,5,5,5,5,4,nữ,30 đến 39 tuổi,miền Bắc
27/10/2022 11:12:00,2,2,1,"Giải trí, Du lịch ảo / trải nghiệm, Học tập, giáo dục, Mua sắm thời trang",2,3,3,2,3,3,2,3,3,3,2,3,3,2,3,3,2,3,3,3,2,3,3,3,3,3,3,2,3,3,3,2,2,3,3,3,nam,20 đến 29 tuổi,miền Bắc
27/10/2022 19:43:57,3,3,2,"Giải trí, Du lịch ảo / trải nghiệm, Học tập, giáo dục, Mua sắm thời trang",3,3,3,3,4,3,4,3,3,3,3,3,3,3,3,3,3,3,3,4,4,4,4,4,4,4,3,3,3,3,3,3,4,4,4,4,nữ,20 đến 29 tuổi,miền Bắc
27/10/2022 21:59:54,3,1,1,"Giải trí, Du lịch ảo / trải nghiệm, Học tập, giáo dục",4,4,4,4,2,2,2,2,2,3,2,3,3,3,3,2,2,2,2,2,3,2,2,3,2,2,2,2,2,3,3,2,2,2,2,2,nam,30 đến 39 tuổi,miền Bắc
27/10/2022 23:35:58,5,4,1,"Giải trí, Học tập, giáo dục",1,1,1,1,5,5,5,5,4,4,4,4,4,4,4,4,4,4,4,4,4,4,4,4,4,4,4,4,4,4,4,4,4,4,4,4,nam,20 đến 29 tuổi,miền Bắc
28/10/2022 07:54:39,5,5,1,"Giải trí, Du lịch ảo / trải nghiệm, Học tập, giáo dục, Mua sắm thời trang",5,5,5,5,5,5,5,5,5,5,5,5,5,5,5,5,5,5,5,5,5,5,5,5,5,5,5,5,5,5,5,5,5,5,5,5,nam,30 đến 39 tuổi,miền Bắc
28/10/2022 14:08:56,4,4,4,"Học tập, giáo dục, Khác",1,3,4,4,5,5,5,5,5,5,5,5,5,5,5,5,4,5,5,5,5,4,5,4,4,4,4,4,5,4,4,4,5,5,4,4,nữ,30 đến 39 tuổi,miền Bắc
28/10/2022 14:11:01,2,2,1,Khác,1,1,2,1,5,4,5,5,4,5,3,2,4,5,4,4,4,4,4,5,5,5,5,5,5,5,4,4,4,5,5,4,5,4,5,3,nam,30 đến 39 tuổi,miền Trung
29/10/2022 09:17:49,3,3,2,"Giải trí, Học tập, giáo dục, Mua sắm thời trang",3,2,3,3,5,5,5,5,4,5,4,3,5,5,4,5,5,5,5,5,5,5,5,5,5,5,4,4,5,5,5,5,5,5,5,5,nữ,Trên 40 tuổi,miền Bắc
29/10/2022 15:50:03,4,3,2,"Giải trí, Du lịch ảo / trải nghiệm",1,3,3,4,5,5,5,5,4,3,3,3,4,1,3,3,5,3,3,3,3,3,4,3,3,3,3,3,4,4,4,4,5,5,5,3,nam,20 đến 29 tuổi,miền Bắc
30/10/2022 16:52:00,3,4,3,"Giải trí, Du lịch ảo / trải nghiệm, Học tập, giáo dục, Mua sắm thời trang",4,4,4,3,3,3,4,4,4,4,3,4,4,4,4,3,4,3,3,3,3,3,4,3,3,3,3,4,4,4,4,4,3,4,4,4,nam,30 đến 39 tuổi,miền Bắc
30/10/2022 16:53:42,3,4,4,"Giải trí, Du lịch ảo / trải nghiệm, Học tập, giáo dục, Mua sắm thời trang",3,3,4,4,3,4,4,4,4,4,4,3,4,4,4,4,4,4,4,4,4,4,4,3,3,4,3,4,4,4,4,3,5,4,3,5,nữ,20 đến 29 tuổi,miền Bắc
30/10/2022 16:56:10,3,5,4,"Giải trí, Du lịch ảo / trải nghiệm, Học tập, giáo dục, Mua sắm thời trang",5,4,4,4,5,4,4,4,5,4,5,5,3,3,5,5,4,4,4,3,3,3,5,4,5,5,5,5,5,4,5,5,5,5,4,3,nam,30 đến 39 tuổi,miền Bắc
30/10/2022 18:24:19,1,1,2,"Giải trí, Du lịch ảo / trải nghiệm",1,1,2,2,4,5,3,5,4,5,3,5,4,4,5,5,4,4,4,4,4,4,4,5,3,3,5,3,4,5,4,3,3,3,2,3,nữ,Trên 40 tuổi,miền Nam
30/10/2022 18:26:31,1,2,1,Giải trí,2,3,1,1,3,2,1,2,2,3,2,3,2,3,2,4,3,2,3,4,3,5,4,5,5,4,4,4,4,3,5,3,4,5,3,4,nữ,Trên 40 tuổi,miền Nam
30/10/2022 18:28:13,1,5,4,Giải trí,2,1,1,1,4,4,5,3,3,5,3,4,4,4,3,5,4,4,3,3,4,4,4,3,4,4,4,5,3,3,4,4,4,3,3,5,nữ,Trên 40 tuổi,miền Nam
30/10/2022 18:29:07,1,4,3,Giải trí,2,1,2,1,4,3,4,3,3,4,4,4,4,3,4,4,3,3,4,4,4,3,3,3,4,3,4,4,3,4,3,4,4,4,3,4,nữ,Trên 40 tuổi,miền Nam
30/10/2022 18:30:03,1,2,2,Giải trí,2,1,1,1,5,4,3,5,4,4,5,3,4,4,3,4,3,5,4,4,4,3,5,5,4,4,4,5,3,4,5,4,4,4,3,3,nữ,Trên 40 tuổi,miền Nam
30/10/2022 18:31:14,1,4,3,Giải trí,3,1,2,1,5,4,3,4,4,3,5,3,5,3,5,4,4,3,4,5,4,3,4,4,4,5,3,5,4,3,4,4,4,4,3,5,nữ,Trên 40 tuổi,miền Nam
30/10/2022 18:32:44,1,2,1,Giải trí,2,1,1,1,4,3,4,3,4,3,4,3,3,4,3,4,3,4,3,4,4,3,3,4,3,4,3,4,3,3,3,3,4,3,5,5,nữ,Trên 40 tuổi,miền Nam
30/10/2022 18:33:48,1,3,1,"Giải trí, Du lịch ảo / trải nghiệm",3,2,2,1,3,4,2,4,3,4,3,4,4,3,3,4,3,3,4,4,4,3,2,3,4,3,5,4,4,5,4,4,3,4,3,4,nữ,Trên 40 tuổi,miền Nam
30/10/2022 18:34:44,2,5,4,Du lịch ảo / trải nghiệm,1,1,2,1,4,3,4,4,4,3,4,3,3,3,4,4,5,4,5,5,5,4,4,4,5,4,4,5,4,4,5,4,4,4,3,4,nữ,Trên 40 tuổi,miền Nam
30/10/2022 18:35:59,1,2,2,"Giải trí, Khác",2,1,2,1,4,4,3,5,5,4,5,4,3,4,4,4,4,3,4,4,5,3,4,4,3,4,4,5,3,5,3,5,3,4,5,4,nữ,Trên 40 tuổi,miền Nam
30/10/2022 18:37:17,2,1,2,"Giải trí, Du lịch ảo / trải nghiệm",1,1,1,1,3,2,5,4,4,4,5,3,4,3,4,3,5,3,4,4,4,3,5,4,5,3,5,3,3,5,3,5,3,5,3,4,nữ,Trên 40 tuổi,miền Nam
30/10/2022 18:38:29,1,3,1,Giải trí,3,2,1,1,4,5,4,4,5,4,4,4,3,4,3,3,4,4,5,3,5,5,5,5,3,2,4,3,4,5,3,5,3,5,3,4,nữ,Trên 40 tuổi,miền Nam
30/10/2022 18:39:52,2,3,4,"Du lịch ảo / trải nghiệm, Học tập, giáo dục",4,1,1,1,5,3,4,3,4,4,2,4,4,3,5,5,3,5,4,4,4,3,4,4,3,4,4,3,3,4,3,5,4,5,4,5,nữ,Trên 40 tuổi,miền Nam
30/10/2022 18:41:18,2,4,2,Du lịch ảo / trải nghiệm,2,2,1,1,4,3,5,4,4,5,3,5,4,3,5,4,5,3,4,3,4,3,5,3,5,3,4,3,5,4,3,5,4,3,4,4,nữ,Trên 40 tuổi,miền Nam
30/10/2022 18:42:39,2,1,2,Giải trí,3,2,1,2,4,3,5,4,4,4,5,4,4,3,4,3,5,4,4,4,5,3,4,5,3,4,4,5,4,3,5,4,3,4,5,4,nữ,Trên 40 tuổi,miền Nam
30/10/2022 18:43:37,2,2,1,Giải trí,3,1,2,1,4,3,4,4,4,5,3,4,5,4,3,4,4,3,4,4,4,3,5,5,4,5,3,4,4,4,3,5,4,3,5,4,nữ,Trên 40 tuổi,miền Nam
30/10/2022 18:49:18,1,1,2,Du lịch ảo / trải nghiệm,2,3,2,1,3,4,4,4,3,4,3,4,3,4,3,4,3,4,3,4,5,3,4,3,4,3,4,5,3,4,5,3,4,3,5,4,nữ,Trên 40 tuổi,miền Nam
30/10/2022 18:50:33,1,3,2,Giải trí,3,1,3,2,5,3,4,3,4,4,3,4,4,5,3,5,3,5,4,4,4,5,5,3,5,3,5,4,5,3,5,4,3,5,3,5,nữ,Trên 40 tuổi,miền Nam
30/10/2022 18:51:28,1,3,1,Giải trí,3,2,2,1,4,5,3,4,4,5,3,4,4,3,4,3,4,3,5,4,3,5,4,4,3,5,4,3,5,3,5,4,4,3,4,3,nữ,Trên 40 tuổi,miền Nam
30/10/2022 18:52:29,1,2,1,Du lịch ảo / trải nghiệm,1,2,1,1,3,2,4,4,4,5,3,4,4,3,4,4,4,3,5,3,5,4,3,5,3,5,3,5,3,5,3,4,4,3,5,3,nữ,Trên 40 tuổi,miền Nam
30/10/2022 18:53:46,2,3,2,Giải trí,3,4,4,1,4,3,4,5,5,5,4,4,4,3,4,4,4,2,4,4,3,4,4,3,5,4,5,4,3,4,4,5,4,4,3,4,nữ,Trên 40 tuổi,miền Nam
30/10/2022 18:54:42,4,3,5,"Giải trí, Học tập, giáo dục",4,3,4,4,5,4,4,5,4,4,4,3,4,3,4,4,4,3,3,4,5,5,5,4,4,3,5,4,4,5,4,4,4,5,5,4,nữ,20 đến 29 tuổi,miền Bắc
30/10/2022 18:55:00,2,3,2,Giải trí,2,1,1,1,3,3,5,5,4,4,5,4,5,4,3,5,4,4,4,5,4,3,4,4,4,5,3,5,4,5,4,5,3,5,4,4,nữ,Trên 40 tuổi,miền Nam
30/10/2022 18:58:18,2,2,2,Du lịch ảo / trải nghiệm,2,2,1,1,5,3,5,4,4,5,4,5,4,5,4,5,4,5,4,5,4,5,4,5,4,5,3,5,4,4,4,5,4,5,4,3,nữ,Trên 40 tuổi,miền Nam
30/10/2022 18:59:18,2,1,1,Giải trí,1,1,2,2,3,4,5,5,5,4,4,5,4,5,4,4,5,3,4,4,5,4,3,4,3,4,4,5,4,5,4,4,4,3,5,4,nữ,Trên 40 tuổi,miền Nam
30/10/2022 19:04:44,4,3,4,Khác,3,4,3,2,5,3,4,3,3,4,4,3,3,3,4,4,2,3,2,3,4,2,3,4,4,3,3,4,4,5,4,4,3,3,4,4,nữ,Trên 40 tuổi,miền Nam
30/10/2022 19:07:10,2,2,3,Giải trí,4,2,2,2,4,4,4,4,4,4,4,4,3,4,4,2,2,2,2,3,4,3,3,4,4,4,3,3,4,5,5,5,4,4,3,4,nữ,Trên 40 tuổi,miền Nam
30/10/2022 19:11:46,3,3,4,Giải trí,4,4,3,3,4,5,3,4,4,4,4,3,4,4,3,4,4,3,3,3,4,4,3,4,4,4,3,4,4,4,3,4,4,4,3,4,nữ,Trên 40 tuổi,miền Nam
30/10/2022 19:14:19,4,3,5,Giải trí,4,2,2,2,5,5,5,5,4,4,4,4,4,5,4,2,2,2,2,3,4,4,4,3,3,3,3,3,4,4,4,4,4,3,4,4,nữ,Trên 40 tuổi,miền Nam
30/10/2022 19:17:19,3,2,4,Giải trí,3,2,3,3,4,4,3,4,4,4,3,4,4,5,4,4,3,3,4,4,4,3,4,3,3,3,4,4,4,3,4,5,4,4,3,4,nữ,Trên 40 tuổi,miền Nam
30/10/2022 19:21:14,4,4,4,Giải trí,5,5,3,3,5,5,5,5,4,4,4,4,3,4,4,2,2,3,3,4,4,4,4,4,4,4,4,3,4,4,4,5,4,4,5,4,nữ,Trên 40 tuổi,miền Nam
30/10/2022 19:24:29,5,4,5,Giải trí,5,5,4,4,5,5,5,5,4,4,4,5,5,5,5,3,4,3,4,4,4,4,5,4,4,3,4,4,4,4,5,5,4,4,4,5,nữ,Trên 40 tuổi,miền Nam
30/10/2022 19:26:58,1,3,3,Giải trí,3,2,2,1,3,3,3,3,3,3,2,3,4,3,4,1,1,1,2,3,3,4,4,3,3,3,3,3,3,4,4,4,4,4,3,4,nữ,Trên 40 tuổi,miền Nam
30/10/2022 20:49:16,3,3,2,"Giải trí, Du lịch ảo / trải nghiệm, Học tập, giáo dục",3,3,3,3,5,5,3,5,5,5,5,4,4,4,5,4,4,5,5,4,4,5,4,4,4,3,4,5,5,5,5,5,5,5,4,4,nữ,Trên 40 tuổi,miền Trung
30/10/2022 20:50:22,3,3,3,"Giải trí, Du lịch ảo / trải nghiệm, Học tập, giáo dục",4,3,3,3,5,5,5,3,3,4,4,4,4,3,3,3,3,3,4,3,4,3,4,4,3,3,3,4,3,3,3,3,4,3,3,3,nữ,Trên 40 tuổi,miền Trung
30/10/2022 21:13:41,3,3,3,"Giải trí, Du lịch ảo / trải nghiệm, Học tập, giáo dục",4,3,3,3,4,3,4,5,4,5,5,5,5,5,4,4,4,4,5,5,5,5,4,5,5,4,5,4,5,4,4,5,4,4,4,5,nữ,Trên 40 tuổi,miền Trung
30/10/2022 21:15:47,3,4,3,"Giải trí, Du lịch ảo / trải nghiệm, Học tập, giáo dục",4,2,3,3,5,5,5,4,4,4,4,4,5,4,5,4,4,4,4,5,4,4,5,4,4,3,3,4,5,3,4,5,4,4,4,4,nữ,Trên 40 tuổi,miền Trung
30/10/2022 21:19:50,3,2,3,"Giải trí, Du lịch ảo / trải nghiệm, Học tập, giáo dục",4,4,4,3,5,5,4,5,4,4,4,4,4,3,4,4,5,5,4,4,5,5,5,4,3,3,3,3,4,4,4,4,4,4,5,5,nữ,Trên 40 tuổi,miền Trung
30/10/2022 21:20:55,3,3,3,"Giải trí, Du lịch ảo / trải nghiệm, Học tập, giáo dục",4,2,2,2,4,4,5,4,4,4,5,4,5,5,5,5,4,4,4,4,4,5,5,4,5,4,4,4,4,5,5,4,4,5,4,4,nữ,Trên 40 tuổi,miền Trung
30/10/2022 21:21:48,3,5,4,"Giải trí, Du lịch ảo / trải nghiệm, Học tập, giáo dục",4,2,2,2,5,4,4,4,4,4,4,4,4,4,5,5,4,4,4,5,5,5,4,4,4,4,4,5,4,4,4,5,5,5,4,4,nữ,Trên 40 tuổi,miền Trung
30/10/2022 21:22:40,3,3,3,"Giải trí, Du lịch ảo / trải nghiệm, Học tập, giáo dục",4,2,2,2,5,4,4,4,4,5,4,4,4,5,5,5,5,5,4,5,4,4,4,5,4,4,4,4,4,4,4,4,5,5,4,5,nữ,Trên 40 tuổi,miền Trung
30/10/2022 21:23:57,3,3,3,"Giải trí, Du lịch ảo / trải nghiệm, Học tập, giáo dục",4,2,2,2,4,5,5,5,4,5,4,4,4,4,4,5,5,4,4,4,5,4,4,4,5,5,5,5,3,5,3,4,4,5,3,4,nữ,Trên 40 tuổi,miền Trung
30/10/2022 21:25:10,3,3,2,"Giải trí, Du lịch ảo / trải nghiệm, Học tập, giáo dục",3,2,2,2,5,5,5,5,4,5,4,4,4,4,4,5,4,3,4,4,3,5,5,5,5,4,5,4,4,4,5,3,4,3,3,5,nữ,Trên 40 tuổi,miền Trung
30/10/2022 21:26:15,3,3,2,"Giải trí, Du lịch ảo / trải nghiệm, Học tập, giáo dục",4,1,2,2,5,4,4,4,4,5,3,3,4,4,5,4,4,5,5,4,5,4,4,4,4,4,5,4,5,4,4,4,5,5,4,4,nữ,Trên 40 tuổi,miền Trung
30/10/2022 21:27:12,3,3,3,"Giải trí, Du lịch ảo / trải nghiệm, Học tập, giáo dục",4,1,2,1,4,4,4,3,4,5,5,5,4,5,4,5,4,4,4,4,4,3,5,4,5,5,4,4,5,4,5,5,4,3,5,5,nữ,Trên 40 tuổi,miền Trung
30/10/2022 21:28:06,3,3,3,"Giải trí, Du lịch ảo / trải nghiệm, Học tập, giáo dục",4,1,1,1,5,4,5,5,5,4,4,4,4,5,5,4,4,4,5,4,5,5,4,4,5,4,5,5,4,5,5,3,4,5,4,4,nữ,Trên 40 tuổi,miền Trung
30/10/2022 21:29:07,3,3,3,"Giải trí, Du lịch ảo / trải nghiệm, Học tập, giáo dục",4,2,3,2,5,5,4,5,4,4,3,4,4,3,5,4,3,4,5,3,4,4,5,5,4,4,4,4,5,4,5,5,4,4,5,5,nữ,Trên 40 tuổi,miền Trung
30/10/2022 21:33:39,3,3,2,"Giải trí, Du lịch ảo / trải nghiệm, Học tập, giáo dục",3,2,1,1,4,4,4,3,5,3,4,5,4,5,3,4,3,4,5,4,5,5,4,4,3,5,4,5,3,4,4,5,4,5,4,4,nữ,Trên 40 tuổi,miền Trung
30/10/2022 21:34:35,3,3,1,Giải trí,3,2,1,2,4,4,3,5,4,5,4,5,4,3,5,5,5,4,4,5,4,5,4,4,5,5,5,5,5,5,4,4,4,4,4,5,nữ,Trên 40 tuổi,miền Trung
30/10/2022 21:35:51,3,3,2,Du lịch ảo / trải nghiệm,3,2,3,1,5,4,5,5,5,4,4,4,4,4,4,4,5,4,4,4,4,5,4,5,4,5,4,4,3,5,5,4,4,5,3,4,nữ,Trên 40 tuổi,miền Trung
30/10/2022 21:36:54,3,3,1,"Giải trí, Học tập, giáo dục",3,2,1,1,5,5,5,4,5,5,4,4,5,4,4,5,4,5,5,4,5,4,5,4,4,5,4,4,5,4,4,3,4,5,5,5,nữ,Trên 40 tuổi,miền Trung
30/10/2022 21:37:49,3,2,1,"Giải trí, Du lịch ảo / trải nghiệm",3,1,1,2,5,4,5,5,4,3,5,4,4,4,3,3,4,3,3,4,4,3,4,4,3,4,4,4,3,3,4,4,3,5,3,4,nữ,Trên 40 tuổi,miền Trung
30/10/2022 21:38:55,3,4,4,"Giải trí, Du lịch ảo / trải nghiệm, Học tập, giáo dục",1,2,2,1,2,3,3,4,4,3,2,3,3,4,3,3,2,2,3,3,4,2,3,3,2,4,4,3,5,3,4,2,3,2,2,4,nữ,30 đến 39 tuổi,miền Trung
30/10/2022 21:41:25,1,1,1,"Giải trí, Du lịch ảo / trải nghiệm",1,1,2,1,3,4,4,4,5,5,4,5,5,4,4,5,4,3,4,4,3,4,5,4,5,5,4,5,4,5,5,4,5,4,5,5,nữ,Trên 40 tuổi,miền Nam
30/10/2022 21:44:24,1,2,1,Giải trí,1,1,1,1,4,5,5,4,5,4,5,5,5,5,4,5,4,5,5,4,3,4,5,4,3,4,5,3,4,4,5,3,5,4,4,4,nữ,Trên 40 tuổi,miền Nam
30/10/2022 21:45:28,5,4,4,"Giải trí, Du lịch ảo / trải nghiệm, Học tập, giáo dục, Mua sắm thời trang",4,4,4,4,4,4,4,4,4,4,4,4,4,4,4,4,4,4,5,4,5,4,5,4,5,5,4,4,4,4,4,4,4,4,5,4,nữ,Trên 40 tuổi,miền Trung
30/10/2022 21:45:51,3,4,4,"Du lịch ảo / trải nghiệm, Học tập, giáo dục",3,4,3,4,4,3,4,4,3,2,3,4,4,3,2,3,4,4,3,3,5,4,3,4,3,4,2,3,4,4,3,4,4,5,3,5,nữ,20 đến 29 tuổi,miền Trung
30/10/2022 21:46:34,1,1,1,Giải trí,2,1,2,1,4,5,5,4,4,4,5,4,4,3,3,3,4,4,3,4,4,4,3,4,4,3,4,4,3,5,4,4,4,4,5,5,nữ,Trên 40 tuổi,miền Nam
30/10/2022 21:46:37,1,1,1,Giải trí,2,1,2,1,4,5,4,4,4,5,4,5,3,4,4,3,4,4,4,3,3,4,3,4,4,3,4,4,3,4,5,3,4,4,4,5,nữ,Trên 40 tuổi,miền Nam
30/10/2022 21:47:28,4,4,5,"Giải trí, Du lịch ảo / trải nghiệm, Mua sắm thời trang",4,5,4,4,4,5,4,4,4,5,4,4,4,4,5,4,5,4,5,4,5,4,4,4,4,4,4,4,4,4,4,5,4,5,4,5,nữ,Trên 40 tuổi,miền Trung
30/10/2022 21:47:47,1,2,1,Du lịch ảo / trải nghiệm,2,1,2,1,4,5,5,4,5,4,5,4,3,4,4,5,3,5,4,4,3,4,4,4,5,3,4,4,5,4,3,4,5,4,3,4,nữ,Trên 40 tuổi,miền Nam
30/10/2022 21:48:05,3,4,3,Khác,4,3,2,3,3,4,4,3,5,5,3,4,4,5,3,3,4,5,4,4,3,3,5,4,3,4,5,4,3,3,4,4,5,3,4,4,nữ,20 đến 29 tuổi,miền Trung
30/10/2022 21:48:10,1,1,2,Giải trí,1,2,1,1,3,3,3,3,3,4,3,4,3,4,3,4,3,3,4,4,4,3,3,4,4,4,4,3,4,4,5,5,4,4,3,4,nữ,Trên 40 tuổi,miền Nam
30/10/2022 21:48:44,5,4,5,"Học tập, giáo dục, Mua sắm thời trang",5,4,4,5,5,5,5,5,5,5,5,5,5,5,4,5,4,5,4,5,4,5,5,4,5,5,5,5,4,5,4,5,5,5,5,5,nữ,Trên 40 tuổi,miền Trung
30/10/2022 21:48:56,2,3,2,"Giải trí, Du lịch ảo / trải nghiệm",2,1,1,2,4,4,3,3,4,5,4,5,4,3,4,4,3,4,4,5,3,4,4,4,3,4,5,4,5,5,3,5,4,4,5,4,nữ,Trên 40 tuổi,miền Nam
30/10/2022 21:49:05,4,3,4,Mua sắm thời trang,4,5,5,4,3,2,3,4,4,5,4,5,3,4,5,5,4,4,3,5,4,5,5,4,3,4,4,3,4,2,3,2,4,5,3,3,nữ,30 đến 39 tuổi,miền Trung
30/10/2022 21:49:49,4,5,1,Giải trí,5,5,4,5,5,5,5,5,5,5,4,2,5,5,5,5,5,5,5,5,5,5,5,5,5,5,5,5,5,5,5,5,5,5,5,4,nữ,Trên 40 tuổi,miền Trung
30/10/2022 21:50:01,3,3,2,"Giải trí, Học tập, giáo dục",3,2,2,2,4,3,3,4,4,4,4,4,4,4,3,4,3,5,5,5,3,4,4,4,3,4,5,4,4,4,4,3,4,5,4,4,nữ,Trên 40 tuổi,miền Trung
30/10/2022 21:50:09,3,4,2,Du lịch ảo / trải nghiệm,2,4,4,3,2,3,3,4,5,5,2,2,3,2,3,4,3,3,4,5,5,4,3,4,4,5,3,4,2,4,3,5,4,3,2,4,nữ,20 đến 29 tuổi,miền Trung
30/10/2022 21:50:10,2,2,1,Giải trí,1,1,1,2,4,5,4,3,4,4,3,4,4,5,3,4,3,5,3,4,3,3,4,4,3,4,5,3,4,4,3,4,4,5,4,3,nữ,Trên 40 tuổi,miền Nam
30/10/2022 21:50:21,4,4,4,"Giải trí, Khác",4,4,4,4,4,4,4,4,4,4,4,4,4,4,4,4,4,4,4,4,4,4,4,4,4,4,4,4,4,4,4,4,4,4,4,4,nữ,Trên 40 tuổi,miền Trung
30/10/2022 21:50:32,1,1,2,Giải trí,2,1,2,1,2,3,3,2,2,3,3,3,4,3,4,3,3,4,3,3,3,3,4,3,4,3,4,3,4,4,5,4,3,4,3,3,nữ,Trên 40 tuổi,miền Nam
30/10/2022 21:51:14,2,3,4,Du lịch ảo / trải nghiệm,4,5,4,4,2,3,2,2,4,4,3,5,4,3,5,3,4,4,3,5,5,3,4,4,2,3,3,4,2,3,4,5,4,3,2,2,nữ,20 đến 29 tuổi,miền Trung
30/10/2022 21:51:28,2,2,1,"Giải trí, Học tập, giáo dục",2,2,1,1,4,5,4,4,5,4,5,4,5,4,4,4,3,4,4,4,3,4,4,4,3,4,5,3,4,4,3,4,4,3,4,4,nữ,Trên 40 tuổi,miền Nam
30/10/2022 21:51:43,3,4,3,"Giải trí, Học tập, giáo dục",3,2,2,1,4,4,4,3,4,3,4,4,3,4,3,4,4,5,4,4,5,4,4,4,4,3,4,3,4,3,4,3,3,3,3,4,nữ,Trên 40 tuổi,miền Trung
30/10/2022 21:51:50,4,4,3,Mua sắm thời trang,4,5,5,4,4,5,4,4,4,4,4,4,4,4,4,4,4,4,4,4,4,4,4,4,4,4,4,4,4,4,4,4,4,4,4,4,nữ,Trên 40 tuổi,miền Trung
30/10/2022 21:52:09,1,1,2,Giải trí,1,2,2,1,2,3,2,2,2,3,2,3,4,3,3,4,5,4,4,4,4,3,4,5,4,4,4,4,3,5,4,5,4,4,3,5,nữ,Trên 40 tuổi,miền Nam
30/10/2022 21:52:27,1,1,2,"Giải trí, Du lịch ảo / trải nghiệm",1,1,2,2,4,4,3,4,4,4,3,4,4,3,4,3,4,3,4,3,4,3,4,4,3,4,4,3,3,4,3,4,4,4,3,4,nữ,Trên 40 tuổi,miền Nam
30/10/2022 21:53:09,3,3,2,"Du lịch ảo / trải nghiệm, Học tập, giáo dục",3,1,2,1,4,3,4,4,4,4,3,4,4,5,5,5,4,3,5,4,5,4,4,4,5,5,4,4,5,4,3,5,4,5,3,4,nữ,Trên 40 tuổi,miền Trung
30/10/2022 21:53:13,3,2,2,"Giải trí, Học tập, giáo dục",1,2,3,1,4,5,5,4,4,4,4,5,4,5,5,4,5,4,5,5,4,5,4,4,5,4,5,4,5,5,4,4,4,5,4,5,nữ,Trên 40 tuổi,miền Trung
30/10/2022 21:53:37,1,2,3,"Giải trí, Du lịch ảo / trải nghiệm",2,1,2,1,4,5,4,4,5,4,4,5,5,4,5,4,5,4,5,4,5,4,5,4,4,3,4,5,4,5,4,5,4,3,4,4,nữ,Trên 40 tuổi,miền Nam
30/10/2022 21:54:04,1,1,2,Giải trí,1,2,2,2,3,2,3,3,3,2,3,3,4,3,3,2,2,3,3,4,3,3,3,4,3,3,3,3,3,3,3,3,4,4,3,3,nữ,Trên 40 tuổi,miền Nam
30/10/2022 21:54:52,2,1,2,"Giải trí, Du lịch ảo / trải nghiệm",1,1,1,2,3,4,4,5,4,5,4,5,4,3,5,5,4,5,4,4,4,5,5,4,3,4,5,3,4,4,3,4,4,3,4,4,nữ,Trên 40 tuổi,miền Nam
30/10/2022 21:55:14,2,2,2,"Giải trí, Mua sắm thời trang",1,2,2,1,5,4,4,5,4,5,4,4,4,5,4,4,4,4,4,4,5,4,4,4,5,4,4,5,4,4,4,5,5,4,4,5,nữ,Trên 40 tuổi,miền Trung
30/10/2022 21:56:28,2,1,2,"Giải trí, Du lịch ảo / trải nghiệm",2,1,1,1,5,3,4,4,5,3,4,4,4,3,4,4,4,5,4,4,4,4,5,3,4,4,4,4,3,4,4,3,4,3,4,4,nữ,Trên 40 tuổi,miền Nam
30/10/2022 21:56:37,3,4,3,"Giải trí, Du lịch ảo / trải nghiệm, Học tập, giáo dục",3,2,2,1,4,3,4,3,3,4,5,3,4,5,5,3,5,4,4,4,5,3,4,3,4,4,3,5,4,3,4,3,4,4,5,4,nữ,Trên 40 tuổi,miền Trung
30/10/2022 21:56:56,4,4,4,Mua sắm thời trang,4,4,4,4,4,4,4,4,4,4,4,4,4,4,4,4,4,4,4,4,4,4,4,4,4,4,4,4,4,4,4,4,4,4,4,4,nữ,Trên 40 tuổi,miền Trung
30/10/2022 21:57:28,1,1,2,"Giải trí, Du lịch ảo / trải nghiệm",1,1,1,1,4,4,5,4,4,5,5,4,5,4,5,4,4,3,4,4,5,5,4,4,5,4,4,5,4,4,5,4,5,4,4,5,nữ,Trên 40 tuổi,miền Nam
30/10/2022 21:57:35,2,2,2,"Giải trí, Học tập, giáo dục, Khác",2,2,2,2,5,5,5,4,5,5,4,5,5,5,4,5,4,4,5,5,4,4,5,5,4,5,5,5,5,5,4,5,5,4,5,4,nữ,Trên 40 tuổi,miền Trung
30/10/2022 21:57:49,3,2,1,Du lịch ảo / trải nghiệm,3,2,1,1,3,4,4,5,5,3,4,5,4,5,4,5,5,4,4,5,4,5,4,4,5,4,4,5,4,4,5,4,4,3,5,4,nữ,Trên 40 tuổi,miền Trung
30/10/2022 21:58:20,5,5,4,"Giải trí, Du lịch ảo / trải nghiệm",5,4,5,5,5,4,5,5,4,4,5,5,5,5,4,5,5,4,4,5,4,5,5,3,5,4,5,4,5,4,3,4,5,4,5,5,nữ,Trên 40 tuổi,miền Trung
30/10/2022 21:58:57,1,1,2,"Giải trí, Du lịch ảo / trải nghiệm",2,2,1,2,4,3,4,4,3,4,4,3,4,3,4,3,4,3,4,4,5,3,5,4,3,5,5,5,3,5,3,4,4,3,4,4,nữ,Trên 40 tuổi,miền Nam
30/10/2022 21:59:47,4,4,2,"Giải trí, Học tập, giáo dục",5,5,4,4,5,5,5,4,5,4,4,5,5,4,5,3,4,5,4,5,4,5,5,4,3,5,5,4,5,5,4,5,5,4,4,4,nữ,Trên 40 tuổi,miền Trung
30/10/2022 22:00:00,3,3,2,Giải trí,3,2,1,1,4,5,4,3,4,5,4,3,3,5,4,4,5,3,4,3,5,4,3,4,5,4,4,3,4,4,4,3,4,4,4,4,nữ,Trên 40 tuổi,miền Trung
30/10/2022 22:00:53,3,3,2,"Giải trí, Học tập, giáo dục",1,1,2,2,4,4,4,4,4,5,5,4,5,4,5,4,5,5,4,4,5,4,5,4,4,5,4,4,4,5,5,5,5,5,5,4,nữ,Trên 40 tuổi,miền Trung
30/10/2022 22:01:00,2,2,1,Khác,5,2,1,1,2,1,2,2,1,1,2,1,2,2,1,1,1,2,1,1,2,1,2,1,2,1,1,2,2,2,1,1,2,2,2,1,nữ,Trên 40 tuổi,miền Trung
30/10/2022 22:01:17,1,2,1,"Giải trí, Du lịch ảo / trải nghiệm",2,2,1,2,5,4,4,5,4,3,4,5,3,4,3,4,3,4,4,3,4,4,4,3,4,4,3,4,4,3,4,3,4,4,3,4,nữ,Trên 40 tuổi,miền Nam
30/10/2022 22:02:23,2,2,1,Giải trí,1,1,2,1,4,5,5,5,5,4,4,5,4,4,4,4,5,5,5,5,5,5,5,5,5,5,4,4,5,5,5,5,5,4,4,4,nữ,30 đến 39 tuổi,miền Trung
30/10/2022 22:02:28,1,1,1,"Giải trí, Du lịch ảo / trải nghiệm",1,2,2,1,4,4,5,4,4,5,5,4,4,4,3,3,3,4,3,3,4,5,4,4,5,5,4,5,4,4,3,3,3,4,3,4,nữ,Trên 40 tuổi,miền Nam
30/10/2022 22:04:14,1,1,1,"Giải trí, Học tập, giáo dục",1,1,1,1,4,5,4,5,4,5,4,5,4,5,4,4,5,4,4,5,5,4,4,4,3,4,5,4,5,4,3,4,5,4,3,4,nữ,Trên 40 tuổi,miền Nam
30/10/2022 22:05:41,3,3,2,"Giải trí, Học tập, giáo dục",3,2,1,2,2,1,2,1,2,4,4,5,5,4,4,3,5,4,3,5,4,4,5,3,4,4,4,3,4,5,4,5,4,5,4,3,nam,30 đến 39 tuổi,miền Trung
30/10/2022 22:06:45,2,2,1,Giải trí,1,1,2,1,5,5,5,5,5,5,5,4,5,5,4,4,4,4,5,5,5,5,5,5,5,5,5,5,5,5,5,5,5,5,5,5,nữ,30 đến 39 tuổi,miền Trung
30/10/2022 22:10:04,2,2,1,Khác,2,1,1,2,4,5,4,4,4,5,5,5,5,5,5,5,4,4,4,4,5,5,5,5,5,5,4,4,5,5,5,5,5,5,5,5,nữ,30 đến 39 tuổi,miền Trung
30/10/2022 22:10:09,4,4,4,Mua sắm thời trang,4,4,4,4,4,4,4,4,4,4,4,4,4,4,4,4,4,4,4,4,4,4,4,4,4,4,4,4,4,4,4,4,4,4,4,4,nữ,Trên 40 tuổi,miền Nam
30/10/2022 22:11:26,3,3,3,Giải trí,3,3,3,3,3,2,2,2,2,2,2,2,2,2,2,2,2,2,2,3,3,3,3,3,3,3,3,3,3,3,3,3,3,3,3,3,nam,Trên 40 tuổi,miền Nam
30/10/2022 22:11:43,4,4,4,"Giải trí, Du lịch ảo / trải nghiệm, Học tập, giáo dục, Khác",4,4,4,4,4,4,4,4,4,4,4,4,4,4,4,4,4,4,4,4,4,4,4,4,4,4,4,4,4,4,4,4,4,4,4,4,nữ,Trên 40 tuổi,miền Nam
30/10/2022 22:12:45,3,4,3,Giải trí,4,5,4,4,4,5,3,4,4,3,4,5,4,5,3,4,3,4,5,4,3,4,4,5,4,4,4,3,4,3,2,4,4,5,3,4,nam,30 đến 39 tuổi,miền Trung
30/10/2022 22:13:48,4,3,4,Du lịch ảo / trải nghiệm,3,3,3,3,3,3,3,3,3,3,3,3,3,3,3,3,3,3,3,3,3,3,3,3,3,3,3,3,3,3,3,3,3,3,3,3,nữ,Trên 40 tuổi,miền Nam
30/10/2022 22:14:12,3,3,2,"Học tập, giáo dục",3,2,2,1,4,5,4,4,4,5,4,3,4,5,4,4,3,5,4,3,4,5,4,4,3,4,4,5,4,4,5,4,4,3,4,4,nam,30 đến 39 tuổi,miền Trung
30/10/2022 22:14:34,5,5,5,"Du lịch ảo / trải nghiệm, Học tập, giáo dục",5,5,5,5,5,5,5,5,5,5,5,5,5,5,5,5,5,5,5,5,5,5,5,5,5,5,5,5,5,5,5,5,5,5,5,5,nữ,Trên 40 tuổi,miền Nam
30/10/2022 22:15:03,3,3,4,Giải trí,4,5,4,4,4,5,4,4,4,5,4,3,5,4,4,3,5,4,4,4,4,5,4,4,5,4,4,5,4,4,3,5,4,5,4,3,nữ,30 đến 39 tuổi,miền Trung
30/10/2022 22:15:55,3,2,2,Du lịch ảo / trải nghiệm,3,2,3,2,5,4,5,4,4,4,4,5,4,5,5,5,4,5,5,5,3,5,4,4,3,4,4,5,3,4,5,4,3,4,5,4,nữ,30 đến 39 tuổi,miền Trung
30/10/2022 22:15:56,3,5,5,"Học tập, giáo dục",5,5,5,5,5,5,5,5,5,5,5,5,5,5,5,4,4,4,4,3,3,3,3,5,5,4,5,5,5,5,5,5,4,4,4,4,nữ,Trên 40 tuổi,miền Nam
30/10/2022 22:16:33,2,2,1,Giải trí,1,1,2,1,5,4,4,5,4,5,5,5,5,4,3,4,5,5,5,5,5,4,5,5,5,5,4,4,5,5,5,5,5,5,5,5,nữ,30 đến 39 tuổi,miền Trung
30/10/2022 22:17:04,3,3,2,Du lịch ảo / trải nghiệm,3,2,2,2,5,4,3,4,3,4,4,3,4,4,5,4,5,5,4,3,5,3,4,4,5,3,3,4,5,4,3,4,4,3,4,4,nữ,30 đến 39 tuổi,miền Trung
30/10/2022 22:18:04,2,2,2,Giải trí,1,1,1,2,5,4,4,5,4,4,4,3,4,4,4,5,5,5,5,5,5,5,5,5,5,5,4,4,4,5,5,5,4,4,4,4,nữ,30 đến 39 tuổi,miền Trung
30/10/2022 22:18:10,3,3,2,"Du lịch ảo / trải nghiệm, Học tập, giáo dục",4,2,3,3,4,3,5,4,4,5,3,4,4,5,4,3,4,4,5,4,3,4,4,3,5,4,4,3,3,4,5,3,3,4,3,3,nữ,30 đến 39 tuổi,miền Trung
30/10/2022 22:19:08,3,2,2,"Du lịch ảo / trải nghiệm, Học tập, giáo dục",3,2,2,2,4,3,4,4,5,3,4,5,4,3,3,4,5,4,3,4,3,4,4,3,3,4,3,5,4,4,3,3,5,4,3,3,nam,30 đến 39 tuổi,miền Trung
30/10/2022 22:19:44,3,2,2,"Giải trí, Học tập, giáo dục",1,2,3,3,4,5,5,4,5,5,5,5,4,4,4,4,4,4,4,4,5,5,5,5,5,5,5,5,5,5,5,5,5,5,5,4,nữ,30 đến 39 tuổi,miền Trung
30/10/2022 22:19:46,3,3,3,"Giải trí, Du lịch ảo / trải nghiệm, Mua sắm thời trang",2,2,3,3,4,3,4,3,4,3,3,3,3,3,3,3,3,3,3,3,3,3,3,3,3,3,3,3,3,3,3,3,3,3,3,3,nữ,Trên 40 tuổi,miền Nam
30/10/2022 22:20:01,3,3,4,"Giải trí, Học tập, giáo dục, Mua sắm thời trang",4,3,4,4,5,5,4,5,5,4,5,4,5,5,5,4,5,5,5,4,4,5,4,4,5,5,5,5,4,4,4,5,4,5,5,4,nam,30 đến 39 tuổi,miền Trung
30/10/2022 22:20:58,3,4,5,Du lịch ảo / trải nghiệm,3,2,2,2,4,4,5,5,4,4,4,5,4,5,4,4,4,4,4,5,5,4,4,4,4,4,4,5,4,4,4,4,4,3,5,4,nam,30 đến 39 tuổi,miền Trung
30/10/2022 22:22:29,3,4,4,Giải trí,3,1,2,2,4,4,3,4,3,3,4,3,5,4,5,4,5,4,4,4,3,4,5,5,4,5,3,5,4,3,4,3,5,4,5,5,nam,30 đến 39 tuổi,miền Trung
30/10/2022 22:22:44,4,3,3,"Giải trí, Du lịch ảo / trải nghiệm, Học tập, giáo dục",3,3,3,3,3,3,3,3,2,2,2,2,2,2,2,2,2,2,2,2,2,2,2,2,2,2,2,2,2,2,2,2,2,2,2,2,nữ,Trên 40 tuổi,miền Nam
30/10/2022 22:23:26,3,2,2,Giải trí,2,2,2,2,3,3,3,4,4,4,3,3,3,4,5,3,3,3,5,4,3,4,3,3,4,3,3,4,3,4,3,4,4,4,3,3,nam,30 đến 39 tuổi,miền Trung
30/10/2022 22:24:25,3,3,2,Du lịch ảo / trải nghiệm,4,3,2,3,4,3,4,5,5,4,4,4,4,5,3,3,4,3,5,4,5,3,5,3,4,5,4,3,4,4,3,5,4,3,3,5,nam,20 đến 29 tuổi,miền Trung
30/10/2022 22:24:48,1,2,2,"Học tập, giáo dục",2,2,1,1,2,2,3,2,3,3,3,3,3,3,3,3,3,3,3,3,3,3,3,3,3,3,3,3,3,2,2,2,2,2,2,2,nữ,Trên 40 tuổi,miền Nam
30/10/2022 22:25:08,4,4,4,"Giải trí, Du lịch ảo / trải nghiệm, Học tập, giáo dục, Khác",4,4,4,4,4,4,4,4,4,4,4,4,4,4,4,4,4,4,4,4,4,4,4,4,4,4,4,4,4,4,4,4,4,4,4,4,nữ,Trên 40 tuổi,miền Nam
30/10/2022 22:26:10,4,4,4,Giải trí,4,4,4,4,4,4,4,4,4,4,4,4,4,4,4,4,4,4,4,4,4,4,4,4,4,4,4,4,4,4,4,4,4,4,4,4,nữ,Trên 40 tuổi,miền Nam
30/10/2022 22:26:11,3,4,3,Du lịch ảo / trải nghiệm,4,2,2,2,3,5,4,4,3,3,4,5,5,3,3,4,4,3,4,4,3,4,4,4,5,4,4,3,4,3,4,3,4,3,4,3,nam,30 đến 39 tuổi,miền Trung
30/10/2022 22:26:55,4,4,4,"Giải trí, Du lịch ảo / trải nghiệm, Học tập, giáo dục, Khác",4,4,4,4,3,3,3,3,3,3,3,3,3,3,3,3,3,3,3,3,3,3,3,3,3,3,3,3,3,3,3,3,3,3,3,3,nữ,Trên 40 tuổi,miền Nam
30/10/2022 22:27:02,5,4,4,Khác,4,4,4,4,4,4,4,3,4,4,4,4,4,3,4,4,4,4,4,4,4,3,3,4,3,3,4,4,3,4,4,3,4,4,3,4,nữ,Trên 40 tuổi,miền Nam
30/10/2022 22:27:41,2,2,2,Giải trí,2,2,2,2,4,5,4,5,5,5,5,5,4,4,4,4,5,5,5,5,4,5,5,4,4,5,4,4,4,5,5,5,5,5,5,4,nữ,30 đến 39 tuổi,miền Trung
30/10/2022 22:27:46,4,4,4,Du lịch ảo / trải nghiệm,1,4,4,4,3,3,3,3,3,3,3,3,3,3,3,3,3,3,3,3,3,3,3,3,3,3,3,3,3,3,3,3,3,3,3,3,nữ,Trên 40 tuổi,miền Nam
30/10/2022 22:27:53,5,3,3,"Học tập, giáo dục",2,2,2,2,3,3,3,3,3,3,3,3,3,3,3,3,3,3,3,3,3,3,3,3,3,3,3,3,3,3,3,3,3,3,3,3,nữ,Trên 40 tuổi,miền Nam
30/10/2022 22:27:58,4,4,4,"Học tập, giáo dục",4,4,4,4,4,3,3,3,3,3,3,3,3,3,3,3,3,3,3,2,3,1,1,3,1,3,3,3,3,3,3,3,3,3,2,3,nữ,Trên 40 tuổi,miền Nam
30/10/2022 22:28:13,3,3,3,"Giải trí, Du lịch ảo / trải nghiệm, Học tập, giáo dục, Khác",3,3,3,3,3,3,3,3,3,3,3,3,3,3,3,3,3,3,3,3,3,3,3,3,3,3,3,3,3,3,3,3,3,3,3,3,nữ,Trên 40 tuổi,miền Nam
30/10/2022 22:28:14,2,2,2,"Du lịch ảo / trải nghiệm, Học tập, giáo dục",2,2,2,2,1,1,2,1,1,1,1,2,1,1,1,2,2,2,1,1,2,2,2,1,1,1,2,2,2,1,1,1,1,1,1,1,nữ,20 đến 29 tuổi,miền Bắc
30/10/2022 22:28:14,3,4,3,Khác,4,4,4,4,3,3,3,3,3,3,3,3,3,3,3,3,3,3,3,3,3,3,3,4,4,4,4,4,4,3,3,2,2,3,3,2,nữ,Trên 40 tuổi,miền Nam
30/10/2022 22:28:26,3,3,2,Giải trí,2,2,1,2,3,4,5,4,3,5,4,4,4,3,4,4,4,5,4,4,3,4,4,4,5,4,3,4,4,3,5,3,4,3,4,4,nam,30 đến 39 tuổi,miền Trung
30/10/2022 22:29:05,2,2,2,"Giải trí, Du lịch ảo / trải nghiệm, Học tập, giáo dục, Mua sắm thời trang",2,2,2,2,3,3,3,3,3,3,3,3,3,3,3,3,3,3,3,3,3,3,3,3,3,3,3,3,3,3,3,3,3,3,3,3,nữ,Trên 40 tuổi,miền Nam
30/10/2022 22:29:15,2,2,2,Khác,4,2,3,3,3,2,3,4,3,3,3,4,4,3,3,3,3,4,4,3,4,3,4,3,3,4,4,3,4,4,3,4,3,3,4,4,nữ,Trên 40 tuổi,miền Nam
30/10/2022 22:29:24,4,4,4,"Giải trí, Du lịch ảo / trải nghiệm, Học tập, giáo dục",1,4,4,4,4,4,4,4,4,4,4,4,4,4,4,4,4,4,4,4,4,4,4,4,4,4,4,4,4,4,4,4,4,4,4,4,nữ,Trên 40 tuổi,miền Nam
30/10/2022 22:29:44,3,3,3,"Giải trí, Du lịch ảo / trải nghiệm, Học tập, giáo dục, Khác",3,3,3,3,3,3,3,3,3,4,3,3,3,3,3,3,3,3,3,3,3,3,3,3,3,3,3,3,3,3,3,3,3,3,3,3,nữ,Trên 40 tuổi,miền Nam
30/10/2022 22:30:13,2,3,3,Khác,4,4,3,3,3,3,3,3,3,3,3,3,4,3,3,3,3,3,4,3,4,4,3,4,4,3,4,3,4,4,4,3,3,3,3,4,nữ,Trên 40 tuổi,miền Nam
30/10/2022 22:30:26,1,4,4,"Giải trí, Du lịch ảo / trải nghiệm, Học tập, giáo dục, Mua sắm thời trang",4,4,4,4,4,4,4,4,4,4,4,4,4,4,4,4,4,4,4,4,4,4,4,4,4,4,4,4,4,4,4,4,4,4,4,4,nữ,Trên 40 tuổi,miền Nam
30/10/2022 22:30:57,3,3,3,"Giải trí, Du lịch ảo / trải nghiệm, Học tập, giáo dục, Khác",3,3,3,3,3,3,3,3,3,3,3,3,3,3,3,3,3,3,3,3,3,3,3,3,3,3,3,3,3,3,3,3,3,3,3,3,nữ,Trên 40 tuổi,miền Nam
30/10/2022 22:30:59,3,2,2,Giải trí,2,2,1,1,4,4,5,5,5,4,4,4,4,5,4,4,4,4,4,5,4,5,4,4,4,5,4,5,4,5,5,5,4,4,4,5,nữ,30 đến 39 tuổi,miền Trung
30/10/2022 22:31:09,4,4,4,Giải trí,1,4,4,4,4,4,4,4,4,4,4,4,4,4,4,4,4,4,4,4,4,4,4,4,4,4,4,4,4,4,4,4,4,4,4,4,nữ,Trên 40 tuổi,miền Nam
30/10/2022 22:32:04,3,3,3,"Giải trí, Du lịch ảo / trải nghiệm, Học tập, giáo dục, Khác",4,4,4,4,4,4,4,4,4,4,4,4,4,4,4,4,4,4,4,4,4,4,4,4,4,4,4,4,4,4,4,4,4,4,4,4,nữ,Trên 40 tuổi,miền Nam
30/10/2022 22:33:26,4,4,3,Du lịch ảo / trải nghiệm,3,3,3,3,3,3,4,3,3,2,2,2,3,3,2,2,3,3,2,3,2,3,3,3,2,3,3,3,3,3,3,3,2,2,2,3,nữ,Trên 40 tuổi,miền Nam
30/10/2022 22:33:48,3,3,3,"Giải trí, Du lịch ảo / trải nghiệm, Học tập, giáo dục, Khác",3,3,3,3,3,3,3,3,3,3,3,3,3,3,3,3,3,3,3,3,3,3,3,3,3,3,3,3,3,3,3,3,3,3,3,3,nữ,Trên 40 tuổi,miền Nam
30/10/2022 22:34:26,4,4,4,Khác,1,1,1,1,2,2,2,2,2,2,2,2,2,2,2,2,2,2,2,2,2,2,2,2,2,2,2,2,2,2,2,2,2,2,2,2,nữ,Trên 40 tuổi,miền Nam
30/10/2022 22:34:40,3,1,2,Khác,2,3,3,2,2,2,2,2,2,2,2,2,2,2,2,2,2,2,2,3,2,2,3,3,2,3,3,3,2,3,2,3,3,2,3,2,nữ,Trên 40 tuổi,miền Nam
30/10/2022 22:36:00,1,1,1,Khác,1,1,1,1,1,1,1,1,1,1,1,1,1,1,1,1,1,1,1,1,1,1,1,1,1,1,1,1,1,1,1,1,1,1,1,1,nữ,Trên 40 tuổi,miền Nam
30/10/2022 22:36:05,1,2,1,Giải trí,1,2,2,1,4,3,5,4,4,3,5,4,4,5,4,4,3,4,4,5,4,5,4,5,4,4,5,4,3,5,4,3,5,4,4,5,nữ,Trên 40 tuổi,miền Nam
30/10/2022 22:37:11,2,1,1,Du lịch ảo / trải nghiệm,3,2,2,1,4,4,3,5,5,5,4,5,4,3,5,5,4,4,4,5,3,4,5,4,3,4,5,3,5,4,3,4,4,3,4,5,nữ,Trên 40 tuổi,miền Nam
30/10/2022 22:38:07,4,4,4,"Giải trí, Du lịch ảo / trải nghiệm, Học tập, giáo dục",4,4,4,4,4,4,4,4,4,4,4,4,4,5,4,5,4,4,4,4,4,5,4,4,5,4,5,4,4,4,4,4,4,4,4,4,nữ,Trên 40 tuổi,miền Trung
30/10/2022 22:38:18,1,1,1,Giải trí,1,2,1,2,3,3,4,4,5,4,4,4,3,5,4,3,3,4,5,4,4,3,5,3,4,5,5,4,3,5,4,5,4,5,3,4,nữ,Trên 40 tuổi,miền Nam
30/10/2022 22:38:58,3,3,3,"Du lịch ảo / trải nghiệm, Học tập, giáo dục",3,3,3,3,3,3,3,3,3,3,3,3,3,3,3,3,3,3,3,3,3,3,4,3,3,3,3,3,3,3,3,3,3,3,3,3,nữ,Trên 40 tuổi,miền Nam
30/10/2022 22:39:05,5,5,5,"Giải trí, Du lịch ảo / trải nghiệm",4,4,4,4,4,4,4,4,4,3,5,4,4,5,3,3,4,5,5,4,4,5,5,4,2,4,2,4,4,4,4,4,4,4,4,4,nữ,Trên 40 tuổi,miền Nam
30/10/2022 22:39:19,3,3,3,"Học tập, giáo dục",1,3,3,3,3,3,3,3,3,3,3,3,3,3,3,3,3,3,3,3,3,3,3,3,3,3,3,3,3,3,3,3,3,3,3,3,nữ,Trên 40 tuổi,miền Nam
30/10/2022 22:39:29,2,2,2,"Giải trí, Khác",2,2,1,1,4,5,4,4,4,4,5,4,4,5,4,5,4,4,5,4,5,4,5,5,5,4,5,4,4,5,4,5,4,4,5,4,nữ,30 đến 39 tuổi,miền Trung
30/10/2022 22:39:36,3,4,3,"Giải trí, Du lịch ảo / trải nghiệm, Học tập, giáo dục, Mua sắm thời trang",4,4,5,4,4,4,4,3,4,4,4,5,4,5,4,4,5,4,4,4,4,4,4,4,4,4,4,4,4,4,4,4,4,5,4,3,nữ,Trên 40 tuổi,miền Trung
30/10/2022 22:40:07,4,4,4,"Du lịch ảo / trải nghiệm, Học tập, giáo dục",3,4,4,3,4,3,4,3,3,3,3,3,3,3,3,4,4,4,4,4,4,4,4,4,4,4,4,4,4,4,4,4,4,4,4,4,nữ,Trên 40 tuổi,miền Nam
30/10/2022 22:40:13,5,2,3,Du lịch ảo / trải nghiệm,3,3,3,3,3,3,4,3,3,3,3,3,5,2,4,2,2,3,3,3,2,2,3,2,2,5,4,3,5,4,3,5,5,5,5,5,nữ,Trên 40 tuổi,miền Nam
30/10/2022 22:40:48,1,1,1,"Giải trí, Du lịch ảo / trải nghiệm",1,1,2,1,2,1,2,2,4,4,5,4,4,3,5,3,5,4,2,3,4,4,3,5,4,5,3,3,3,4,4,3,4,3,4,5,nữ,Trên 40 tuổi,miền Nam
30/10/2022 22:40:53,3,3,3,Khác,1,1,1,1,2,2,2,2,2,2,2,2,2,2,3,3,3,3,3,3,3,3,3,3,3,3,3,3,3,3,3,3,3,3,3,3,nữ,Trên 40 tuổi,miền Nam
30/10/2022 22:41:03,5,3,3,"Giải trí, Du lịch ảo / trải nghiệm, Học tập, giáo dục, Mua sắm thời trang",4,4,4,4,4,3,4,5,4,4,3,3,4,3,3,3,3,3,4,4,4,4,3,4,3,4,4,4,3,4,3,3,4,4,3,5,nữ,Trên 40 tuổi,miền Nam
30/10/2022 22:41:13,4,4,4,"Du lịch ảo / trải nghiệm, Học tập, giáo dục, Mua sắm thời trang",4,4,4,4,3,3,3,3,3,3,3,4,3,3,4,3,3,3,3,3,3,3,3,3,3,3,3,3,3,3,3,3,3,3,3,3,nữ,Trên 40 tuổi,miền Nam
30/10/2022 22:41:40,2,5,2,Giải trí,1,3,3,3,3,2,3,3,4,4,5,5,5,3,3,3,3,2,1,1,1,2,5,2,3,3,3,4,2,3,2,3,3,3,3,3,nữ,Trên 40 tuổi,miền Nam
30/10/2022 22:41:54,1,2,1,"Giải trí, Du lịch ảo / trải nghiệm",1,1,1,1,4,5,5,4,3,4,5,3,4,3,4,4,3,5,4,4,3,5,4,4,3,4,5,3,4,4,4,5,5,4,3,4,nữ,Trên 40 tuổi,miền Nam
30/10/2022 22:42:19,4,3,3,"Giải trí, Du lịch ảo / trải nghiệm, Học tập, giáo dục, Mua sắm thời trang",4,4,4,4,4,4,4,4,5,5,4,4,4,4,4,4,4,4,4,4,4,4,4,4,4,4,4,4,4,4,4,4,4,4,4,4,nữ,Trên 40 tuổi,miền Nam
30/10/2022 22:42:46,4,4,5,"Học tập, giáo dục",3,2,3,3,3,2,3,3,3,3,3,4,5,5,5,5,3,3,3,2,1,1,1,1,1,1,1,1,1,1,1,1,1,1,1,1,nữ,Trên 40 tuổi,miền Nam
30/10/2022 22:43:12,2,2,1,Du lịch ảo / trải nghiệm,1,1,2,1,4,3,4,4,3,4,4,3,4,4,3,4,5,4,3,4,3,4,5,4,3,3,4,5,4,5,5,5,4,5,4,5,nữ,Trên 40 tuổi,miền Nam
30/10/2022 22:43:14,2,2,2,Giải trí,1,1,2,1,4,5,5,4,4,4,5,4,5,4,4,5,5,5,5,4,4,5,4,5,4,5,4,4,4,4,5,5,5,4,4,5,nữ,30 đến 39 tuổi,miền Trung
30/10/2022 22:43:15,4,4,4,"Giải trí, Du lịch ảo / trải nghiệm, Học tập, giáo dục, Mua sắm thời trang",4,4,4,4,4,5,4,4,4,4,3,3,3,3,3,3,3,3,3,3,3,3,3,3,3,3,3,3,3,3,3,3,3,3,3,3,nữ,Trên 40 tuổi,miền Nam
30/10/2022 22:43:39,4,4,4,"Giải trí, Du lịch ảo / trải nghiệm, Mua sắm thời trang",5,4,4,4,5,4,5,5,4,4,5,5,5,4,4,5,5,4,3,3,4,4,3,4,4,3,4,4,3,4,4,4,4,3,3,4,nữ,Trên 40 tuổi,miền Nam
30/10/2022 22:43:59,4,4,5,"Giải trí, Du lịch ảo / trải nghiệm",5,5,5,5,5,5,5,5,5,5,5,5,5,5,5,5,5,5,5,5,5,5,5,5,5,5,5,5,5,5,5,5,5,5,5,5,nữ,Trên 40 tuổi,miền Nam
30/10/2022 22:44:06,5,4,3,"Giải trí, Du lịch ảo / trải nghiệm, Học tập, giáo dục, Mua sắm thời trang",4,5,4,4,5,4,4,4,5,4,4,4,5,4,4,4,5,4,4,4,5,5,5,4,4,4,4,5,4,5,4,5,4,4,4,5,nữ,Trên 40 tuổi,miền Nam
30/10/2022 22:44:18,2,1,1,"Giải trí, Du lịch ảo / trải nghiệm",1,2,2,1,5,3,2,4,3,2,4,4,4,3,4,4,3,5,5,4,5,5,5,4,3,4,4,5,4,4,5,5,4,4,3,3,nữ,Trên 40 tuổi,miền Nam
30/10/2022 22:45:02,2,4,4,Du lịch ảo / trải nghiệm,4,4,4,4,5,5,5,5,2,2,2,3,3,3,3,4,2,4,3,3,3,3,3,3,3,3,3,3,3,3,3,3,2,2,2,2,nữ,Trên 40 tuổi,miền Nam
30/10/2022 22:45:46,2,2,1,Giải trí,1,1,2,1,4,5,5,4,4,5,4,4,5,4,5,4,4,5,4,5,4,4,5,5,5,4,4,4,4,5,5,5,5,4,5,5,nữ,30 đến 39 tuổi,miền Trung
30/10/2022 22:45:49,2,2,2,"Giải trí, Du lịch ảo / trải nghiệm",2,1,2,2,4,3,4,3,3,4,4,3,4,3,4,3,4,3,5,5,5,4,5,3,4,5,4,5,4,3,4,4,4,5,5,4,nữ,30 đến 39 tuổi,miền Nam
30/10/2022 22:46:05,1,1,1,Giải trí,1,1,1,1,1,1,1,1,1,1,1,1,1,1,1,1,1,1,1,1,1,1,1,1,1,1,1,1,1,1,1,1,1,1,1,1,nữ,Trên 40 tuổi,miền Nam
30/10/2022 22:47:05,3,3,2,"Học tập, giáo dục, Khác",1,2,2,3,5,5,4,5,5,4,5,5,4,5,5,4,5,5,5,4,5,5,4,5,4,4,4,4,4,5,5,4,4,4,5,4,nữ,30 đến 39 tuổi,miền Trung
30/10/2022 22:47:09,4,4,4,Du lịch ảo / trải nghiệm,4,5,5,5,2,2,2,2,2,2,2,2,2,2,2,2,2,2,2,2,2,2,2,2,2,2,2,2,2,2,2,2,2,2,2,2,nữ,Trên 40 tuổi,miền Nam
30/10/2022 22:47:18,4,5,4,"Giải trí, Học tập, giáo dục, Mua sắm thời trang",4,4,5,5,5,4,4,5,5,4,5,5,5,5,5,5,4,5,5,5,5,5,5,5,4,4,4,4,4,4,5,5,4,4,5,5,nữ,Trên 40 tuổi,miền Nam
30/10/2022 22:47:19,4,5,4,"Giải trí, Học tập, giáo dục, Mua sắm thời trang",5,5,4,4,5,4,4,5,5,5,5,4,4,5,5,5,4,5,4,5,5,5,5,5,5,4,5,4,4,5,5,4,4,4,5,5,nữ,Trên 40 tuổi,miền Nam
30/10/2022 22:48:14,3,3,3,"Giải trí, Du lịch ảo / trải nghiệm",3,3,3,3,3,3,3,3,3,3,3,3,3,3,3,3,3,3,3,3,3,3,3,3,3,3,3,3,3,3,3,3,3,3,3,3,nữ,Trên 40 tuổi,miền Nam
30/10/2022 22:49:14,5,5,5,Du lịch ảo / trải nghiệm,5,5,5,5,5,5,5,5,5,5,5,5,5,5,5,5,5,5,5,5,5,5,5,5,5,5,5,5,5,5,5,5,5,5,5,5,nữ,Trên 40 tuổi,miền Nam
30/10/2022 22:49:40,5,5,5,"Giải trí, Du lịch ảo / trải nghiệm, Mua sắm thời trang",5,4,5,5,5,5,5,4,5,4,4,4,5,4,4,5,4,4,5,5,4,5,5,5,5,4,4,4,5,4,4,5,4,4,5,5,nữ,Trên 40 tuổi,miền Nam
30/10/2022 22:50:23,4,5,5,"Giải trí, Du lịch ảo / trải nghiệm, Học tập, giáo dục, Mua sắm thời trang",5,4,5,5,5,5,5,4,4,4,5,5,4,4,5,5,5,5,5,5,5,4,4,5,5,4,4,4,5,4,4,5,4,5,5,5,nữ,Trên 40 tuổi,miền Nam
30/10/2022 22:51:21,1,1,1,Khác,1,1,1,1,5,5,5,5,5,4,5,5,5,4,5,5,4,4,5,5,5,5,5,5,5,4,4,4,4,5,4,4,4,5,5,4,nữ,30 đến 39 tuổi,miền Trung
30/10/2022 22:52:36,2,2,1,"Giải trí, Khác",1,1,1,2,5,5,5,4,5,4,5,5,5,5,4,4,5,5,5,5,5,5,4,5,5,5,4,5,5,5,4,5,4,5,4,4,nữ,30 đến 39 tuổi,miền Trung
30/10/2022 22:52:44,1,2,1,"Giải trí, Du lịch ảo / trải nghiệm",1,1,2,2,4,5,4,3,4,5,4,4,3,4,4,4,3,4,5,4,3,4,4,4,5,4,4,3,4,4,3,4,4,3,4,4,nữ,Trên 40 tuổi,miền Nam
30/10/2022 22:53:59,1,2,1,Giải trí,1,2,2,1,4,4,4,5,4,5,3,4,5,4,4,5,4,3,5,4,3,4,4,4,5,3,4,5,4,3,4,5,5,4,5,5,nữ,30 đến 39 tuổi,miền Nam
30/10/2022 22:54:13,2,2,1,Khác,2,2,1,2,4,5,5,4,5,4,5,4,4,4,5,5,4,4,5,5,5,4,5,5,5,4,4,5,5,5,4,4,4,5,5,4,nữ,30 đến 39 tuổi,miền Trung
30/10/2022 22:54:46,5,5,4,"Giải trí, Du lịch ảo / trải nghiệm, Học tập, giáo dục, Mua sắm thời trang, Khác",5,5,5,5,5,4,4,5,5,5,5,4,5,5,4,5,4,4,5,5,5,4,5,5,5,5,5,4,4,5,5,5,4,5,5,5,nữ,Trên 40 tuổi,miền Nam
30/10/2022 22:54:56,5,4,5,"Giải trí, Du lịch ảo / trải nghiệm, Mua sắm thời trang",5,5,4,4,5,4,4,4,5,5,5,4,5,5,5,5,5,4,4,4,4,5,5,4,4,5,4,4,5,5,5,4,5,5,4,4,nữ,Trên 40 tuổi,miền Nam
30/10/2022 22:55:03,1,2,2,Du lịch ảo / trải nghiệm,1,1,2,2,4,5,4,3,4,5,4,4,5,5,5,4,4,3,4,4,5,5,4,4,5,4,4,5,5,4,5,5,4,3,5,5,nữ,Trên 40 tuổi,miền Nam
30/10/2022 22:55:03,1,2,2,Du lịch ảo / trải nghiệm,1,3,2,2,4,5,4,3,4,5,4,4,5,5,5,4,4,3,4,4,5,5,4,4,5,4,4,5,5,4,5,5,4,3,5,5,nữ,Trên 40 tuổi,miền Nam
,,,,,,,,,,,,,,,,,,,,,,,,,,,,,,,,,,,,,,,,,,,
,,,,,,,,,,,,,,,,,,,,,,,,,,,,,,,,,,,,,,,,,,,
,,,,,,,,,,,,,,,,,,,,,,,,,,,,,,,,,,,,,,,,,,,
,,,,,,,,,,,,,,,,,,,,,,,,,,,,,,,,,,,,,,,,,,,
,,,,,,,,,,,,,,,,,,,,,,,,,,,,,,,,,,,,,,,,,,,
,,,,,,,,,,,,,,,,,,,,,,,,,,,,,,,,,,,,,,,,,,,
,,,,,,,,,,,,,,,,,,,,,,,,,,,,,,,,,,,,,,,,,,,
,,,,,,,,,,,,,,,,,,,,,,,,,,,,,,,,,,,,,,,,,,,
,,,,,,,,,,,,,,,,,,,,,,,,,,,,,,,,,,,,,,,,,,,
,,,,,,,,,,,,,,,,,,,,,,,,,,,,,,,,,,,,,,,,,,,
,,,,,,,,,,,,,,,,,,,,,,,,,,,,,,,,,,,,,,,,,,,
,,,,,,,,,,,,,,,,,,,,,,,,,,,,,,,,,,,,,,,,,,,
,,,,,,,,,,,,,,,,,,,,,,,,,,,,,,,,,,,,,,,,,,,
,,,,,,,,,,,,,,,,,,,,,,,,,,,,,,,,,,,,,,,,,,,
,,,,,,,,,,,,,,,,,,,,,,,,,,,,,,,,,,,,,,,,,,,
,,,,,,,,,,,,,,,,,,,,,,,,,,,,,,,,,,,,,,,,,,,
,,,,,,,,,,,,,,,,,,,,,,,,,,,,,,,,,,,,,,,,,,,
,,,,,,,,,,,,,,,,,,,,,,,,,,,,,,,,,,,,,,,,,,,
,,,,,,,,,,,,,,,,,,,,,,,,,,,,,,,,,,,,,,,,,,,
,,,,,,,,,,,,,,,,,,,,,,,,,,,,,,,,,,,,,,,,,,,
,,,,,,,,,,,,,,,,,,,,,,,,,,,,,,,,,,,,,,,,,,,
,,,,,,,,,,,,,,,,,,,,,,,,,,,,,,,,,,,,,,,,,,,
,,,,,,,,,,,,,,,,,,,,,,,,,,,,,,,,,,,,,,,,,,,
,,,,,,,,,,,,,,,,,,,,,,,,,,,,,,,,,,,,,,,,,,,
,,,,,,,,,,,,,,,,,,,,,,,,,,,,,,,,,,,,,,,,,,,
,,,,,,,,,,,,,,,,,,,,,,,,,,,,,,,,,,,,,,,,,,,
,,,,,,,,,,,,,,,,,,,,,,,,,,,,,,,,,,,,,,,,,,,
,,,,,,,,,,,,,,,,,,,,,,,,,,,,,,,,,,,,,,,,,,,
,,,,,,,,,,,,,,,,,,,,,,,,,,,,,,,,,,,,,,,,,,,
,,,,,,,,,,,,,,,,,,,,,,,,,,,,,,,,,,,,,,,,,,,
,,,,,,,,,,,,,,,,,,,,,,,,,,,,,,,,,,,,,,,,,,,
,,,,,,,,,,,,,,,,,,,,,,,,,,,,,,,,,,,,,,,,,,,
,,,,,,,,,,,,,,,,,,,,,,,,,,,,,,,,,,,,,,,,,,,
,,,,,,,,,,,,,,,,,,,,,,,,,,,,,,,,,,,,,,,,,,,
,,,,,,,,,,,,,,,,,,,,,,,,,,,,,,,,,,,,,,,,,,,
,,,,,,,,,,,,,,,,,,,,,,,,,,,,,,,,,,,,,,,,,,,
,,,,,,,,,,,,,,,,,,,,,,,,,,,,,,,,,,,,,,,,,,,
,,,,,,,,,,,,,,,,,,,,,,,,,,,,,,,,,,,,,,,,,,,
,,,,,,,,,,,,,,,,,,,,,,,,,,,,,,,,,,,,,,,,,,,
,,,,,,,,,,,,,,,,,,,,,,,,,,,,,,,,,,,,,,,,,,,
,,,,,,,,,,,,,,,,,,,,,,,,,,,,,,,,,,,,,,,,,,,
,,,,,,,,,,,,,,,,,,,,,,,,,,,,,,,,,,,,,,,,,,,
,,,,,,,,,,,,,,,,,,,,,,,,,,,,,,,,,,,,,,,,,,,
,,,,,,,,,,,,,,,,,,,,,,,,,,,,,,,,,,,,,,,,,,,
,,,,,,,,,,,,,,,,,,,,,,,,,,,,,,,,,,,,,,,,,,,
,,,,,,,,,,,,,,,,,,,,,,,,,,,,,,,,,,,,,,,,,,,
,,,,,,,,,,,,,,,,,,,,,,,,,,,,,,,,,,,,,,,,,,,
,,,,,,,,,,,,,,,,,,,,,,,,,,,,,,,,,,,,,,,,,,,
,,,,,,,,,,,,,,,,,,,,,,,,,,,,,,,,,,,,,,,,,,,
,,,,,,,,,,,,,,,,,,,,,,,,,,,,,,,,,,,,,,,,,,,
,,,,,,,,,,,,,,,,,,,,,,,,,,,,,,,,,,,,,,,,,,,
,,,,,,,,,,,,,,,,,,,,,,,,,,,,,,,,,,,,,,,,,,,
,,,,,,,,,,,,,,,,,,,,,,,,,,,,,,,,,,,,,,,,,,,
,,,,,,,,,,,,,,,,,,,,,,,,,,,,,,,,,,,,,,,,,,,
,,,,,,,,,,,,,,,,,,,,,,,,,,,,,,,,,,,,,,,,,,,
,,,,,,,,,,,,,,,,,,,,,,,,,,,,,,,,,,,,,,,,,,,
,,,,,,,,,,,,,,,,,,,,,,,,,,,,,,,,,,,,,,,,,,,
,,,,,,,,,,,,,,,,,,,,,,,,,,,,,,,,,,,,,,,,,,,
,,,,,,,,,,,,,,,,,,,,,,,,,,,,,,,,,,,,,,,,,,,
,,,,,,,,,,,,,,,,,,,,,,,,,,,,,,,,,,,,,,,,,,,
,,,,,,,,,,,,,,,,,,,,,,,,,,,,,,,,,,,,,,,,,,,
,,,,,,,,,,,,,,,,,,,,,,,,,,,,,,,,,,,,,,,,,,,
,,,,,,,,,,,,,,,,,,,,,,,,,,,,,,,,,,,,,,,,,,,
,,,,,,,,,,,,,,,,,,,,,,,,,,,,,,,,,,,,,,,,,,,
,,,,,,,,,,,,,,,,,,,,,,,,,,,,,,,,,,,,,,,,,,,
,,,,,,,,,,,,,,,,,,,,,,,,,,,,,,,,,,,,,,,,,,,
,,,,,,,,,,,,,,,,,,,,,,,,,,,,,,,,,,,,,,,,,,,
,,,,,,,,,,,,,,,,,,,,,,,,,,,,,,,,,,,,,,,,,,,
,,,,,,,,,,,,,,,,,,,,,,,,,,,,,,,,,,,,,,,,,,,
,,,,,,,,,,,,,,,,,,,,,,,,,,,,,,,,,,,,,,,,,,,
,,,,,,,,,,,,,,,,,,,,,,,,,,,,,,,,,,,,,,,,,,,
,,,,,,,,,,,,,,,,,,,,,,,,,,,,,,,,,,,,,,,,,,,
,,,,,,,,,,,,,,,,,,,,,,,,,,,,,,,,,,,,,,,,,,,
,,,,,,,,,,,,,,,,,,,,,,,,,,,,,,,,,,,,,,,,,,,
,,,,,,,,,,,,,,,,,,,,,,,,,,,,,,,,,,,,,,,,,,,
,,,,,,,,,,,,,,,,,,,,,,,,,,,,,,,,,,,,,,,,,,,
,,,,,,,,,,,,,,,,,,,,,,,,,,,,,,,,,,,,,,,,,,,
,,,,,,,,,,,,,,,,,,,,,,,,,,,,,,,,,,,,,,,,,,,
,,,,,,,,,,,,,,,,,,,,,,,,,,,,,,,,,,,,,,,,,,,
,,,,,,,,,,,,,,,,,,,,,,,,,,,,,,,,,,,,,,,,,,,
,,,,,,,,,,,,,,,,,,,,,,,,,,,,,,,,,,,,,,,,,,,
,,,,,,,,,,,,,,,,,,,,,,,,,,,,,,,,,,,,,,,,,,,
,,,,,,,,,,,,,,,,,,,,,,,,,,,,,,,,,,,,,,,,,,,
,,,,,,,,,,,,,,,,,,,,,,,,,,,,,,,,,,,,,,,,,,,
,,,,,,,,,,,,,,,,,,,,,,,,,,,,,,,,,,,,,,,,,,,
,,,,,,,,,,,,,,,,,,,,,,,,,,,,,,,,,,,,,,,,,,,
,,,,,,,,,,,,,,,,,,,,,,,,,,,,,,,,,,,,,,,,,,,
,,,,,,,,,,,,,,,,,,,,,,,,,,,,,,,,,,,,,,,,,,,
,,,,,,,,,,,,,,,,,,,,,,,,,,,,,,,,,,,,,,,,,,,
,,,,,,,,,,,,,,,,,,,,,,,,,,,,,,,,,,,,,,,,,,,
,,,,,,,,,,,,,,,,,,,,,,,,,,,,,,,,,,,,,,,,,,,
,,,,,,,,,,,,,,,,,,,,,,,,,,,,,,,,,,,,,,,,,,,
,,,,,,,,,,,,,,,,,,,,,,,,,,,,,,,,,,,,,,,,,,,
,,,,,,,,,,,,,,,,,,,,,,,,,,,,,,,,,,,,,,,,,,,
,,,,,,,,,,,,,,,,,,,,,,,,,,,,,,,,,,,,,,,,,,,
,,,,,,,,,,,,,,,,,,,,,,,,,,,,,,,,,,,,,,,,,,,
,,,,,,,,,,,,,,,,,,,,,,,,,,,,,,,,,,,,,,,,,,,
,,,,,,,,,,,,,,,,,,,,,,,,,,,,,,,,,,,,,,,,,,,
,,,,,,,,,,,,,,,,,,,,,,,,,,,,,,,,,,,,,,,,,,,
30/10/2022 22:25:14,3,3,2,"Giải trí, Học tập, giáo dục, Mua sắm thời trang",2,2,3,2,5,4,4,4,3,5,4,4,3,4,4,4,3,4,4,4,5,4,4,4,5,4,4,4,4,4,3,4,3,4,3,3,nam,23 đến 30 tuổi,miền Trung
